RMS,Skewness,Kurtosis,Crest Factor,Form Factor
0.07417899856512623,0.08398728362468363,0.6284082799440798,6.120330670161392,-7.275306687357098
0.07538245681139528,0.05213808839059812,0.6479348115831507,4.895038124363965,-29.161381830667636
0.07622977446919937,0.032805595214818635,0.5131322043768596,6.5984715749518195,-30.688508042325903
0.07872367646602974,0.041482923230635335,1.1575466828475358,7.723216537814513,-34.579322123845344
0.07847429073677968,0.02822187721000226,0.6028250644747426,4.982523528775831,-32.64515192235071
0.07831464139380723,0.02685100555498745,0.4557561205601135,5.605592928562068,-48.25016863948654
0.07863244325857172,0.05859028760796009,0.47827527540594117,4.934350045872499,-48.948098417493895
0.07777288022464836,0.08257576955588855,0.47164340252300985,5.336050289011607,-38.37489970126724
0.07902942984262255,-0.00805970336440542,0.40418185691264874,4.884256419015951,-41.242552318237436
0.07571755989830314,0.046317674330024206,0.32487859608998804,4.9922369461944465,-36.11392036883132
0.07924111648011797,0.033517291732285764,0.45487451706892834,5.047884454030405,-44.23764659977691
0.077638908086269,0.01956386514464676,0.6411594669210117,6.105186325821477,-49.92761759684708
0.07740458087623109,0.025768167668827988,0.36439745970922877,5.167652811654581,-31.577343857719065
0.07986468720103242,0.036747099908864024,0.5979017713474906,5.258894947435174,-77.23974281626104
0.07921698007145074,0.024885903401040053,0.5507635786868637,5.327140716792938,-33.39777573467508
0.07866177721938719,-0.013482626437294074,0.5527046922524375,4.500279710343897,-51.717277606839474
0.07845338360094803,0.016454326110794813,0.4796262669310192,5.59567962336675,-38.89434268088637
0.07762277416041877,0.020389017470990988,0.44741219515273123,5.217540913482537,-46.71096920063986
0.07782555832949016,0.003513573785817082,0.3411190113206928,4.574332746741145,-28.22652938154955
0.07893316063389487,-0.032121219051458635,0.5960784470258491,5.967073866262322,-34.908679489119955
0.07902854786058722,0.06154847681397174,0.5060376994907174,5.25126693118661,-54.56308061169896
0.07936328499916932,0.037741382011513835,0.38407634298819326,4.800708539269611,-43.87765777023966
0.07948672040475141,0.01970631044807179,0.41463895729339084,4.327766930731702,-44.117402474032055
0.07975294340914242,-0.03851607392163365,0.5197302829545292,4.589172315840118,-35.51125733273697
0.07938138784581765,-0.03654650020506243,0.48434074898399837,5.202730907176494,-40.15240739663478
0.07759187944533484,0.026617822699662504,0.30965231885553246,5.219618378819285,-35.68965055677615
0.07774099563514575,0.0013369310359057716,0.36771321759010034,4.424949760284287,-51.30294485428192
0.07751394405806931,-0.03266825547852853,0.4038759041422262,4.760433809477749,-34.462607986915145
0.07827954401833694,0.03369440803906898,0.34166535434340295,4.9949192334131185,-33.230351162746466
0.07886118143611597,-0.006816989556556437,0.5346748552542984,4.856635330910702,-32.26024680032868
0.07858236746600665,-0.0026225215330784326,0.4887039916310547,5.128376924687727,-34.54466570155011
0.08023091764702917,0.023060518471336527,0.4863712790877983,4.935753093865595,-44.116772544265196
0.07742107025313345,-0.018264932833047216,0.5083303350721384,5.011555623442141,-41.18505724263418
0.07901612461528817,0.02972860765679913,0.40415995390198267,4.758522413376508,-39.73701581674447
0.07823475415576188,-0.014540068648523008,0.4063482531889946,4.588753475025269,-57.830353176568366
0.07812870584960674,-0.011722900902892472,0.42154471908353575,4.556583859014374,-43.621381527219704
0.07686189103169887,-0.01280200069733503,0.409294842837308,4.514590980553582,-37.79790444050312
0.07986518700725069,-0.009776384063596386,0.5703031011489412,4.407427230691178,-43.87561441853306
0.07742917473155306,0.045144951120015084,0.35664146307661015,4.597750153404734,-33.53315778515525
0.0784612560514543,-0.0005041047979361632,0.6557438497046371,6.347081668861065,-39.35457186779124
0.0785959604559929,-0.037499400336011096,0.5055503192863,4.5040482735523035,-31.555484613580365
0.07866142681365101,-0.008566566637441828,0.45277679762102174,4.996095493297081,-43.60970252953555
0.07762854039078106,0.04469255645637462,0.43042899486320785,5.783955201781972,-44.85603665612944
0.07820874324224403,-0.006355722468841191,0.4880556813650325,5.3063120924290725,-40.18351885602503
0.07808856431612202,0.03086594159129938,0.5364362823493849,6.006001059276373,-48.44608758275056
0.07648226248359404,0.0181487931922326,0.45733235105692227,4.49777489354202,-43.86939464119887
0.07891327536794347,0.0683857569348424,0.3561482526433566,4.612658621794652,-39.34616870445483
0.07732266473953077,0.014920183220840478,0.49794448060015695,5.121396182270311,-36.16691044571405
0.07824754763529333,0.025822446896878428,0.32943308522798453,4.460203681100218,-35.54024785031732
0.0769698265505305,0.0466042379917688,0.42397844298884957,4.75511010486326,-36.19281920730276
0.07847964256337436,-0.04186778545244767,0.5530515442941422,5.045894541125358,-41.27749447064325
0.07853956351488958,-0.023828525052612817,0.5787643164492611,5.131171882863839,-40.40113181083913
0.07938090836770041,0.013214517249890732,0.6273282559870337,6.7018633439632875,-42.858826409641054
0.07691333012919477,-0.047838458936055414,0.3981759796239914,4.576579890751445,-37.47228568479182
0.07662792325938943,0.01591692550390392,0.4249082972739928,5.128678728114227,-39.58680897894446
0.07833920727505721,0.05082299830000169,0.6130346910372206,5.642130107955924,-37.21525747473201
0.07738031364276786,-0.010551765200196165,0.4839815036984412,4.548960626148854,-31.902341689056588
0.07742347280137335,0.0073694207606648035,0.44907827207084905,4.946820210229659,-38.01200371511066
0.07599751100981861,-0.006798873976672469,0.2982610206366405,4.565939007596826,-37.119700106870624
0.07812885896719358,0.0165198315894638,0.3476040148450408,4.9661546978808655,-44.450343963333744
0.0786632849704597,-0.001889643228098502,0.41265733742469557,5.250225694936249,-41.495571713244765
0.07712632634090483,0.008946049619097639,0.3947418993751124,4.434283547855389,-33.611677309055004
0.07930147000233508,-0.011073983052348364,0.47205453226922645,4.930551728593263,-31.019024898732233
0.0769426198413264,-0.0011730268027190056,0.39413076245041,5.302652818962897,-37.14458794404838
0.0771994016001541,0.03338042919511476,0.3776784022113646,5.000038756767119,-41.154794616215625
0.07699636792620886,0.04033757840526838,0.4361509860366355,4.81840910152484,-42.94233858361039
0.0774460721521555,0.042395614886060154,0.4907962960668284,5.926704702314913,-40.67641775898608
0.07664165646604576,0.04990279641822392,0.3456782218441403,5.1277597343438055,-39.030737894432846
0.07695564843578329,-0.01269547987075802,0.44665349980599967,4.794969667599087,-39.52480702106186
0.0773247059887718,0.043725131845500934,0.4877009959238734,5.742019892897783,-32.062074397676675
0.07577292447823547,0.03174924253291043,0.587814463386422,6.598663090318189,-28.057449842055767
0.07668913124793174,0.03204095058864933,0.36207004535499143,5.09850605473569,-40.815837005136224
0.07740031675131004,0.003730709007584718,0.5398154679688054,4.702823131454938,-34.612714524244595
0.07795509180220767,-0.030947729177997912,0.3257491995900863,4.913085099967178,-50.339595778313516
0.07882041185009597,-0.005167751616973502,0.394493595719835,4.212106892202134,-40.70407067149037
0.07756062271096396,0.010693388985859755,0.3398349981459905,4.938072782464382,-37.622964308871204
0.07689052656973988,-0.05264097984562863,0.44579809790106184,4.447882141759106,-36.76928069087895
0.07824627430976747,-0.009279429221590963,0.4442409024711682,5.393228031910547,-38.79072638919507
0.07672532972039367,0.02457762371575147,0.6539437494029898,5.408904745178209,-45.22477342563426
0.07738254866499697,-0.022606536555898317,0.38602439205748684,4.639288911950624,-57.04188160598704
0.07699061808712475,0.031172006174891805,0.4487183458641275,4.688882995996762,-31.367228822000378
0.07482262488921716,0.013690467569724772,0.3024236795708557,4.503985265138242,-34.62977079618459
0.07733855853789072,-0.026194293988285693,0.581277852907105,5.909083497801431,-34.04173140594914
0.0767939753394594,0.006857404083276477,0.31911578143888564,4.453474357698325,-41.67966859999281
0.077721765308917,0.0070615301167861015,0.43902337192408325,5.40389166832027,-45.53167291760691
0.0773589786144157,0.05268509596081732,0.572715725432003,5.713622489809271,-42.597044659565874
0.07689176995692955,-0.013549684908680207,0.2628117998334507,5.241133091691582,-28.039804289772565
0.07492218065631082,-0.004972863625320059,0.44062044611619156,4.7916384287696365,-40.44829998263465
0.07763068115281484,0.0510505801747878,0.6065603033368676,5.822440216777755,-49.808156328623056
0.07778453061583003,-0.014117231326700312,0.41997690431537915,4.808153974048495,-40.10036719056031
0.0785893111942354,-0.04864649587287794,0.3798098593644812,5.000680041954954,-29.130859047943765
0.07599053317889341,-0.019639809311801985,0.34611284278370213,4.684794080361579,-29.257898170847817
0.07671097179256287,-0.005701123750049196,0.3578280560023983,5.031874723785245,-41.82860838445347
0.07504429291050385,-0.02361675593669541,0.35322180647565293,5.663322066434093,-36.6383884525393
0.07824627774193958,0.023889524478514765,0.5425361052501523,5.150404742946567,-44.000103463891335
0.07745035456261644,0.02163024718363444,0.5005067784019168,5.422828628375636,-43.945898527245106
0.07831602988602891,-0.003735424694370789,0.5362891649342965,5.209661426833699,-44.54693215014227
0.07656014919860397,0.010591894400555584,0.38888839171918654,5.799361739071638,-32.417132310358284
0.0776802038005823,0.011999962934002786,0.4505244926591989,4.8661046380669575,-38.44402333951779
0.07571563009461785,-0.012774387324051313,0.3922026084898733,4.992364185936685,-39.46694080778248
0.07794620572117751,0.032962561559733136,0.5245190203290386,4.977792009375291,-43.74128766049363
0.07659392690463046,-0.061155035596847734,0.4162293693603125,4.8176143320012,-30.758321202510473
0.07639991985536536,-0.04787919264916724,0.44503767157488516,6.1387498951291555,-42.74354910773868
0.07663180186215528,-0.01804395375129843,0.40044765122818493,4.306306154638013,-37.29342732545066
0.07728281753869194,0.04180249801100925,0.5313126396064498,5.654555746252577,-41.284159403005134
0.0776406155665118,-0.002656943520653598,0.44187019333583377,4.688267826627094,-35.7650825885009
0.0768205504579097,-0.0015292043420445944,0.4357644212891132,5.532373791474708,-55.98878552946586
0.07606189688801565,0.016749921513808507,0.47698134019328675,5.521818639605547,-43.12342962285968
0.07604057915175538,0.03584078873033292,0.44760876048474785,4.852672140536711,-43.3851806944686
0.07735977517064747,0.03500068633813597,0.41802238781761325,4.9250401666700085,-43.7671812893964
0.07650372776099296,-0.005769220738421014,0.47619864667278256,4.71872431011216,-36.11045067978372
0.07627544849405181,-0.02038319057232166,0.38750554821017014,4.641073988933752,-57.56213372975831
0.07797731008871667,-0.009992100982417523,0.42510741591297974,5.347709475045613,-53.93182636915056
0.0760653325402126,-0.021143545512697072,0.45029545188613485,4.851092970702849,-36.17700495630743
0.07680503453601284,0.031107028714851954,0.47801558139957345,4.8694724539787355,-39.43360593891907
0.07551238321978224,-0.027521537957917525,0.39809546357629033,4.621758513225831,-40.0770604421359
0.07894839654107137,0.05882706624646908,0.5272891428259006,5.725258774126663,-50.979416104210536
0.07721538210988145,0.005938141549613378,0.4858919755712976,4.895397648386776,-52.204246190755725
0.07775822278664489,-0.02518119145786271,0.5101846250542255,5.054127858327266,-35.810398081189284
0.07727334295376381,-0.02576634453687522,0.6145455695164204,5.396427591459453,-67.88016057703882
0.07669008183816046,0.02031177034789392,0.40375070025841175,5.502667227432996,-38.43324220734905
0.07812782526141454,-0.031982669948238805,0.5375433848692062,5.183812535993112,-37.12000606318918
0.07781836762515486,-0.015358506818336521,0.39991352954860115,4.6390076150004775,-50.823399737329275
0.07918462868462461,-0.02051833256345397,0.4504573652268764,4.533708195182931,-49.302319504487635
0.07639264641168841,0.010149777705048404,0.3463084801288163,4.791037059085315,-43.021542058829084
0.07713871940374692,-0.030030812241235706,0.4441689592999598,5.5743730687226485,-31.02150126435881
0.07619743481420897,-0.014485875340836602,0.3376878286447247,4.934549318055063,-32.19100738484229
0.07634856558440947,0.025409260290991748,0.47111912503891773,4.662824995793973,-36.474343305621915
0.076352099612482,-0.0091175050582967,0.37972096695608437,4.191109368624181,-41.57757451842994
0.0749701125345127,-0.005885462323388553,0.3382523052302191,4.628511126220566,-46.56359267018924
0.07599478131496513,-0.028209219212482588,0.24419048872591587,4.3687210391988,-30.8651090001088
0.07637512818370995,0.03505610257167058,0.6442888561530538,6.075276219293686,-36.10133693083711
0.0761586642390206,-0.03311844646285506,0.34648477386679755,4.779495591697907,-54.12908011851958
0.07675040716504376,-0.0007492535154073125,0.409879237340685,4.833850577524665,-34.33482609742456
0.07775600390052285,-0.04048687176560687,0.5006323212796047,5.71016998980595,-44.63500181861446
0.07829207447616425,-0.01046594215387429,0.5039791951759756,4.457667041460906,-40.87233457231312
0.0777104419815558,0.03004111585113035,0.3654222848932087,5.095840274515344,-42.80553662674186
0.0764751437227932,-0.013215641422506355,0.41401071809130263,4.563574293695398,-50.6061890026432
0.07780436422076126,0.012226414997485554,0.6010944506799629,5.269627277419431,-36.89100963677426
0.07521345503538163,0.0057496268250577685,0.30666208036872256,4.5736497524037,-47.904573445019935
0.0767870829209941,0.014518273118499347,0.4106380094401998,4.388758983678776,-33.567407163908705
0.0774211301679611,0.01121836141305831,0.5050902199461857,4.98571900413483,-31.149141422702844
0.07658231248752874,-0.0462534093722267,0.6011200525962614,6.7247904022729355,-50.470001278948025
0.07677764732593889,-0.019915819642110956,0.2856537252903584,4.832135561865019,-39.251278513111046
0.07591135480982077,-0.04568388516033954,0.3733804681299002,4.3998687790089335,-33.9268624848361
0.07588479877779788,0.04177197361267142,0.5011958379647576,5.600594675680224,-45.77000968839054
0.0760569816198684,0.011328650527449576,0.3153421299621062,4.522924689797796,-54.470799537519405
0.07562556107746408,0.04121954181378001,0.41579714316581606,5.9768151609085125,-27.07523059342816
0.07621096753266964,0.0020507293687960057,0.4418125533752746,4.1988707184805705,-42.986604287341265
0.07680135350624119,-0.010240848437896513,0.38456117177441884,4.518149539796865,-42.19696096063902
0.0751580064113889,0.04630950672007374,0.4880723205460624,5.362036850659897,-51.66434972326535
0.07893970887150997,0.016783783397074002,0.52994582899071,5.903239404625971,-35.91516500840903
0.07692398274331452,0.03559789823055625,0.47732038220391804,5.654933409409381,-34.84171900617219
0.07649164163641917,-0.007073574317999525,0.455535649913799,4.9155697531922105,-29.599410877919023
0.07650745183017714,-0.02872256053460415,0.2579541266422365,4.470152799744712,-34.94753236270833
0.07739848852135696,-0.014722734645138427,0.37530340028378184,4.599573025276419,-41.62935748397696
0.0784800631530072,-0.02623203049841964,0.6053828723066959,5.479098547126019,-43.82113783122273
0.07904600278724172,-0.014191665386859686,0.5915614112428482,4.908534098104003,-36.99326197030942
0.076684854401187,-0.0028262744850342868,0.3695351147048842,4.355488480849617,-51.5562280262724
0.07731124506358211,-0.05068216298434443,0.37324375229049744,5.2773694132652205,-39.76428496916373
0.07651273988842887,-0.01763488470186115,0.34277356383123037,4.5351924464605045,-34.43384342881365
0.07853164575357902,0.021150845093329387,0.4242277011022524,4.813346216964681,-33.33944373112701
0.07695335881944174,0.03787697616204146,0.5114679726237865,4.795112333768265,-34.34309846637975
0.07736240147584209,-0.02761764948386894,0.5279013097372975,5.519477056737168,-42.78297686455988
0.07617467014102358,-0.03233869026628728,0.3251295935784295,4.358404170117996,-37.336235029871794
0.07762221305131911,-0.05585530183164579,0.44052683407965576,4.083882532316088,-35.431451251276336
0.0772534147328817,-0.04889464081285442,0.48829855558655266,4.491710835046168,-30.47108090305678
0.07768636614216809,-0.052696185100326566,0.5375936018780374,5.033058172452805,-38.43407040756601
0.07781753999741961,0.007724448263470743,0.4367229490151412,4.394896060853897,-40.28165046878864
0.07728229123843638,0.019672000577385492,0.2538767668447601,4.51591165850974,-45.47845884038784
0.0763878511845552,-0.003170238369390366,0.3350214252575556,5.655349552329674,-33.634829554946904
0.07818466596582414,0.00024166135644473105,0.38011263159452735,5.563750827945546,-36.45603476572284
0.07616144415760429,-0.0367946493814576,0.31908103945481736,4.385421044654023,-44.0654964078237
0.07534258573084265,0.005129626936943343,0.29135566132732293,4.2472659638094035,-46.08356944621621
0.07689426810105468,-0.007305379667053178,0.40922685255483016,4.629733903340411,-37.60883172234136
0.07548419678875672,-0.0009184892100577151,0.3284835913868087,4.557245286224446,-41.37448748083014
0.0782630183983989,0.021388524011081416,0.4395445819188928,6.337603764208347,-52.56030879813771
0.07547406975298288,0.010587421774773967,0.3428460748595863,4.9553442821363,-43.751845468059926
0.07556067544581722,0.004951248268515369,0.4425991189661289,5.359930911290172,-38.13130210014875
0.07667824796470965,0.0322131826444645,0.4247289380570627,4.9688146262203485,-37.7619996709771
0.07675079237935838,0.025063156384677248,0.7079419555740185,6.6839700815645,-53.137359383701
0.07611983831535804,-0.017618389150457468,0.3433863135654729,4.7425218969121765,-35.59698334700034
0.07516506282789814,0.016944411359445674,0.2669959400129702,4.549986218771094,-47.90354712044046
0.07809152470318882,0.007881649731886028,0.3537931923560196,4.12336679587012,-43.860092856551866
0.07635685583884233,0.008384651195136263,0.4987508058516803,5.592163209302646,-36.41459592910513
0.07786806061076165,-0.007268264502063555,0.34908566855753076,4.892891861073838,-31.9855967208552
0.07661025105301672,-0.005782894343359127,0.4157588017636362,5.1298617952319665,-32.16173215738321
0.07899964213229861,0.002077494064602038,0.626981384673301,5.012680935146887,-58.44637926701378
0.07538985427067177,0.029338408017705007,0.5081018333203828,5.305753723357553,-35.84409089874307
0.07723122433134638,0.0015042918876278443,0.40017753360035924,4.713119637186184,-38.730972973847244
0.07531071120800978,-0.019871801106058434,0.2902095192130676,4.541186698601063,-39.487029327702004
0.07813312239027137,0.0462033220229784,0.5661008007369044,5.029877060806338,-59.8797420406675
0.07744816468381047,0.0020208036096098126,0.2873576325836087,4.544975357867725,-39.2637674264039
0.07761624000742773,-0.010304093243512955,0.5158731152691161,5.411238678397804,-34.38641043875052
0.07773736614848181,0.0265289182779124,0.3655362300168816,4.901117942075284,-38.92475144179623
0.07657840332279559,-0.019849815353509957,0.512203856533417,5.131995222509597,-41.620022823917346
0.07618282421306082,0.001985469131865612,0.3807242260473567,5.093011502368025,-32.04338049913712
0.07527411495867953,-0.009227312257681782,0.4511422228362827,5.513183386185375,-37.710711212176044
0.07653573894552466,-0.11388729036765602,0.35220223933998396,4.651421739762489,-42.13807015442618
0.07660493658109607,-0.0033495216835794824,0.34593856527556843,4.399194295308145,-36.66095950789474
0.07864126887278634,0.004950334323557441,0.3621657317839997,5.149967768896841,-48.26555145538267
0.07702684539892164,-0.019712326489789173,0.5421734255985617,5.738259144729143,-40.91370681769627
0.07654619086497708,-0.01990248637242294,0.519671765717951,5.108026873469129,-43.324839401799984
0.07741179487861087,0.05065350503308291,0.43156567200170626,4.727961683021601,-41.84090045430183
0.07589032163569179,-0.010438266197493381,0.5094884107603947,6.206324994391448,-44.434609957658175
0.07564360372930583,-0.045560694101225895,0.42187068988989695,5.327615027995683,-35.13838242551677
0.07589364120524608,0.007241122151190588,0.38516984904024243,4.888420085111886,-28.04940667142078
0.07722140418091265,-0.017888439394356605,0.34980594049323654,4.8043674410637385,-32.594018211188796
0.07669429791080462,-0.011486144826090073,0.39711856643781385,4.68092165622947,-34.127829419721856
0.07669445070884366,0.01939258309732319,0.45391945903344944,4.615718565400457,-40.29715097021699
0.0764435019107249,-0.0026047367354850226,0.4618041159763959,4.604707937256534,-30.08730674427578
0.07806299602024157,-0.007461124541194871,0.33082092055227985,4.816622717151466,-36.46738500215665
0.07733820308392224,-0.012022980290386969,0.4266762051370043,5.016925458934809,-35.48768594637765
0.07694966711774165,0.022961404668976705,0.31978503547767456,4.795342381863569,-36.303367486094196
0.07891612654772708,0.02084686379748366,0.5182775260781778,5.1953893067982655,-36.91898192423991
0.07747811939105775,0.017841947349897448,0.4061263142843723,4.917517397098485,-46.72139111739188
0.07688436331443231,0.0021450691681548983,0.4085101783298768,4.916474348029672,-48.591012519042536
0.07743250463104949,-0.026011621720017405,0.21178379181212792,4.132631399755652,-31.66063118599053
0.07765237980798625,-0.03145890667155914,0.466021299585762,4.623168032811252,-33.83373199020421
0.07845143800466631,-0.012432805245873882,0.38998414768145606,4.512345586054701,-39.54042059200586
0.07746541157338786,-0.00027565000965332914,0.39782804169737984,5.9252250866202445,-51.90210452523909
0.07702369416543603,-0.0003301123986988976,0.3216380107284156,5.2970713028081144,-32.125231788447344
0.07602763394350028,-0.01396675245507721,0.37842259316411964,4.143230344825559,-31.821257345300236
0.07740210771869765,-0.004965859367843448,0.34176540206221073,4.767312039370505,-29.64810380382157
0.07756348867470199,0.013194356406488408,0.47309665221604646,4.499539744320828,-41.45031046781037
0.0770032787070825,-0.013106578244740003,0.44686601893889666,4.856936045836198,-42.33516275861184
0.07633698995347046,0.015298555164291528,0.4468173019889301,4.5456337774322275,-41.812825735412545
0.07642125683403637,0.01474654935400701,0.5465826037639347,5.077121419798388,-35.044947155420175
0.07821621550028805,-0.007928935866454684,0.40335130247348205,5.561506616213079,-39.29036285126072
0.0776202063611459,0.02530749929329605,0.3787811439746842,4.998698382670365,-35.10969866104795
0.07717074242436783,0.026648055523266996,0.3709716410221535,5.442477120284625,-46.67208471934126
0.07785537630209377,0.016956073258063007,0.5047320496477581,4.957910658632566,-37.19766958280369
0.0761451459513548,0.009796912020762404,0.3282860238055272,5.292523836745364,-33.34942770864067
0.07811579383257748,0.013795712087591483,0.4252513568644436,4.7237566424897794,-36.42723843734201
0.07646615334526692,0.0028535655331329408,0.35021948545188275,5.427237828038169,-41.11277783494964
0.077847334070442,0.013825104035302314,0.30002836506346453,4.457442302211772,-38.59575389180431
0.07809616123978583,-0.043060431648878315,0.26654936564113685,4.622506334102498,-42.3068213778816
0.07853328688166249,-0.018483667688116382,0.3650299490540867,4.163839474753405,-39.39552528625012
0.07740059716440338,-0.0021353617960062515,0.5059897211905784,6.7441340134784955,-51.9691898867937
0.0770826017349854,-0.01455253366425716,0.44413421924989693,4.903830326064844,-36.800981036727535
0.0778543530765541,0.0045981583886229105,0.3953207884991623,4.290061978571425,-35.97601875017662
0.07619507050676735,-0.010028204227149435,0.37087251103055463,4.580348803128978,-35.351253771433
0.07689889872423401,-0.034219907577785424,0.3071717506046743,5.8128270679529495,-35.91046711675284
0.07566271754418999,0.017445377226656105,0.4878241381103683,5.0355050990268895,-30.019420277514307
0.07709097519834116,0.011661562559695034,0.47418297178292246,4.968156117037179,-50.535278537290395
0.07812214182271728,0.040787668646239714,0.4651908835241052,4.9409807641468735,-48.01168720829582
0.07616692644182087,-0.01821998309602874,0.5525227754355413,5.317268516924522,-43.22006687156409
0.07731350987113281,0.0018540130831225217,0.48218566833983667,4.552891216382729,-43.9242310852419
0.07587677323658983,-0.013674443857043132,0.27955175298989365,5.087195771971236,-47.208321410983984
0.0762042431228201,0.0039005882381536686,0.32338363295058503,5.314664687991879,-40.706927649530655
0.07576237683798354,-0.015461954477343809,0.35149704425393713,4.118139015981591,-34.726471601842015
0.07609244608739095,-0.00948348979420597,0.40154891044522945,5.072776863510016,-38.93013479564743
0.0786182224572888,-0.011791152578959671,0.43941709978228305,4.782606223439748,-35.521117100363455
0.0765472363611597,0.0060059952705566215,0.3072421319251588,4.977318817917776,-34.17227745829084
0.07655005415423052,0.016288173014121325,0.42722613514968044,5.042452343956543,-36.94984819530607
0.07695157390568759,-0.008607812001208902,0.47183166985509795,4.756238000389339,-44.52139198792252
0.07666247331291318,0.04309344367890036,0.4289073704585178,5.100278964442688,-38.34527911707076
0.07718117604407745,-0.013050177960371888,0.35699848700265635,5.2473934806164175,-55.89555802477832
0.0754853262075236,0.01245921549982615,0.37999249532963697,4.3982058060830065,-43.99122078225723
0.07848934759282226,0.01571771629719195,0.41588799864548776,4.790458979867793,-38.204678281663696
0.07744872989093333,0.01531323075393628,0.43785758990105395,5.487501223047859,-47.55786723933541
0.0774396340631083,0.0024533060270339473,0.41782303758134187,5.668931746787999,-41.43385598694928
0.0772467994002219,-0.002774407712793559,0.31045172267078547,4.6733327827555655,-42.70520857650275
0.07564605885770338,-0.007118137019192073,0.3051324081525091,4.772224825077423,-33.896319558161366
0.07614973556462622,0.02499665692001611,0.4665173800247264,4.7406599290634315,-34.33158509143541
0.07858716579030653,0.022072226068366382,0.3611934773498624,5.815198899263135,-30.399961380833684
0.07790162973915003,-0.007768612037903074,0.3902120037217327,4.454335566045451,-35.67348740151137
0.0777059461206155,-0.00243970551603334,0.4175071036370328,5.121873162476173,-35.324020610632274
0.07785898335492507,0.03776792364506588,0.29933985475477254,5.587023889292584,-48.188334213021015
0.07571334102894697,0.032571689826258195,0.3172460098348724,5.32270792073386,-41.868751836717536
0.07639177457459835,-0.00901821883436499,0.48648240233218454,5.851415319112585,-39.011159567319325
0.07736211145685269,-0.03941027544310888,0.40487203190340315,5.338530609138599,-50.094095188957354
0.07842339670271,-0.023449560562887998,0.493158048595141,4.488456440293874,-35.6035371521691
0.07628107301034363,0.02287325790938101,0.4247677626160664,5.571500022585818,-53.305912418597515
0.0782240275511823,-0.015013201388771503,0.4249442068631435,4.2442202273818115,-36.11506310440301
0.07825938535718496,0.005061509570858167,0.540709249303752,5.609550828905093,-43.58028692158545
0.07883279811470445,0.041050537095258174,0.4920239669947497,5.949300433527537,-52.61685912492333
0.07697529154093864,-0.025162904539613253,0.5014439514854714,5.703128773036497,-34.3379213844135
0.07868750124106433,0.04582103472066435,0.4951544726324295,5.896743354176485,-48.47843166527277
0.07629050409864258,0.04441918850564038,0.3911966743796369,5.34797881886403,-36.834115798486486
0.07758280543534599,0.02524413048627861,0.35129823180324893,4.498419437678634,-48.029014428265704
0.07689642263755268,-0.009943015038717721,0.2976436839403904,4.6296041842933,-47.819473950659784
0.07679911555734627,0.015212871553702226,0.3958132817696143,4.635470049575937,-42.80202156950095
0.07762733365050933,-0.06274322756444306,0.4392308973444372,4.817890585857397,-37.328194251289766
0.07806387515051777,0.038579685463150354,0.40553417340601605,4.25292748226832,-44.332090039170446
0.0761460433763633,-0.03773716456377676,0.38801878585059235,4.806553088924002,-53.604804356796386
0.07774952930173035,0.05202150362056578,0.56635179099839,5.183311122515453,-56.54712028479128
0.07605541128636083,0.059183741044249234,0.4175023920626808,5.482844585902351,-39.992164505100895
0.07691889784508826,0.040218254755274914,0.34934914614876256,4.693254975221308,-30.3332953587778
0.07625929630830264,0.029504295564499083,0.38184841507258893,5.533751561172684,-37.24578814256506
0.07750343899879944,0.046650276376792005,0.5778871870482787,5.1997692645128,-40.874267522349875
0.0768942052356881,0.012775558682729303,0.546730928390097,4.629737688410016,-48.75370184288079
0.07765448690151458,0.003910082360154969,0.33085469596792816,4.906348817721297,-32.66975948527154
0.07698864186724233,-0.008254951439705786,0.4278995981264635,5.013726578858355,-38.72881178623312
0.07813684441464298,0.01762347838330189,0.5568745418307763,5.682338509139917,-44.366147484318624
0.07653528310881769,-0.0024097163259608196,0.445983247319961,5.422335727300491,-44.680670393335014
0.07844825685702805,0.009961030326531591,0.4745954547218161,5.009671543323678,-32.57146941637138
0.07781413088150346,0.028372749333030335,0.5188254623913826,5.179007918416445,-33.430530741623464
0.07730263111527155,0.00040343175011819867,0.39657238981624054,4.773446837142676,-48.40869267492543
0.0781221315098393,0.027242956332667444,0.4478057127650579,5.068986116311033,-55.08491145882281
0.07923294929450911,0.0017909837700771862,0.3586588896543983,5.452277163055672,-39.87739117152134
0.07538111630449963,-0.03802987033910645,0.49985490532490173,4.921657016876179,-42.437881739407125
0.07695273730866807,0.010654134689071473,0.3555848765687317,5.107030805462093,-60.931454091688465
0.07620697076106703,-0.01674317036254168,0.5236385234445438,4.907687528646275,-38.873166484511515
0.07855317354645036,-0.006612888176129725,0.3615358885902875,4.4428504189411,-35.63164992760361
0.07703774503551003,-0.013291770134659453,0.39779117806882436,5.477834272089376,-39.35674062879778
0.07783553311209315,-0.021217433458343243,0.4316626945085482,4.676527357701698,-30.889270978871988
0.07702249886903988,0.02271066426919876,0.4116731107637426,4.75185829302038,-38.38753959013766
0.07605641216906862,-0.004629876191033238,0.42055684989074393,5.035735831827237,-40.75232382456505
0.07764319967053215,0.029724394515405678,0.41743030051706054,4.868423784748556,-35.013381685621454
0.07824552016429598,-0.034629174888014494,0.46227685811313046,4.933189774820294,-54.51684877746416
0.07848323274601796,-0.03527340462057752,0.36604970427159955,5.313236794787324,-44.51839375816223
0.07779132524390572,0.0016332244530880683,0.2950352093000981,4.640620260268432,-39.824180502316935
0.07653336531121165,-0.00594134774211876,0.35493511857346194,4.847558950157009,-37.51473927320109
0.07771954820910969,-0.054198730319535135,0.4376169175280462,4.863641242264629,-34.66766160613697
0.07693467481866109,0.025368849841269674,0.4159039208742574,4.666296450153082,-47.81132272147411
0.07840756556538804,-0.05459162336060841,0.4428844011120372,4.731686251508527,-47.434110500668986
0.0763741992465183,-0.010750618942515245,0.38328502400813047,4.792194269934489,-31.818051639957982
0.07685433411249491,-0.0402433452838316,0.3598572358309289,4.8012907048271245,-49.75900235912669
0.07689268883127397,-0.011280753495813502,0.4790535160288836,4.473767340284341,-30.79737678728983
0.07817967180785793,0.0142673639467392,0.4218529499193786,4.182672969050925,-41.64268716026243
0.07825966082036613,-0.016258068232644276,0.471508404326233,5.32841563110226,-43.95693745820576
0.07600318789572251,-0.02494223504024456,0.3040635096186235,4.920846221781296,-28.08837317930556
0.0775694166814272,0.015393571906815775,0.27189413428548015,4.821487849212466,-37.957175199761764
0.07732922906617362,-0.02362115294848882,0.2255015967023577,4.952849066583245,-49.86783208247482
0.07651370160437361,0.004941115614568712,0.4720936347604239,5.110195844683196,-65.9761950594742
0.07876241407609184,-0.0004117380019488554,0.654874912145146,5.853045585355357,-31.972057406611455
0.07563445673052643,-0.01484402687463123,0.29370722537089833,4.812621333380819,-56.67533840112624
0.07764984159926294,0.05208571320528592,0.3085806903743893,4.5589275226977435,-47.27174447706385
0.07831222347566902,0.057709771073608654,0.4203690728700411,5.38868622637323,-45.85134900316479
0.077487861007487,-0.015179208418789466,0.4257804813903805,4.942709671170223,-40.488618278692016
0.0766385636190668,0.044386606271731494,0.41392901446321506,5.258449284137395,-39.01073179197913
0.07512177873709461,0.005396711785869868,0.43190344785255874,4.978582859557895,-41.30850683427391
0.0750074140215694,0.005283803411407803,0.2637759004882252,4.719533457028694,-35.01200773018213
0.07638231571703541,0.0034651310198169,0.33248297013245676,4.608396546970545,-43.51227576103266
0.07788027921511965,-0.0529867556134311,0.3780984049876661,4.6738404595926655,-34.97780961240462
0.07527439096762507,0.014946116044357177,0.4378010184377823,5.2873227519193975,-41.87931669927362
0.07918299858950152,0.011271249913411318,0.41292658813526106,4.773752026740209,-35.44164286897874
0.07800711324486297,0.02101152218847384,0.34782141496477426,4.884169970551886,-80.26052143957766
0.07825582203031686,0.0019216585522665026,0.3209096591637186,4.459732080570247,-38.748561088486476
0.07756201211067341,0.03888060582257236,0.5698350629313604,5.479486522262555,-49.017774733894704
0.07689549618790671,0.0553654475086805,0.36293702044417975,4.8897532188514985,-42.11311036043133
0.07675198204637373,0.014010657770507081,0.37707515281642756,5.029186083647688,-44.932698519559054
0.07706073123730481,0.0378251594822474,0.3373345987512142,5.073920188947265,-40.15683508663908
0.07648439894024141,0.009555889111322503,0.40335076578046847,4.6283948740525025,-37.47011028361267
0.07804829515724943,0.03954954358386845,0.49516034532478725,5.8169111712856,-39.441090749882015
0.07650581224090511,0.003097473491556825,0.32110958827244174,4.404894087508522,-35.90620424625288
0.07870505320746964,-0.04094256158286023,0.551531660479899,5.361790416272146,-40.344391902710136
0.07722064160724369,-0.019124257814137454,0.4221588060454562,4.869164412183921,-39.0826328954986
0.07668115900587559,0.030251500954767,0.3058320709804603,5.346815375711579,-39.381852607777226
0.07560518496862914,0.0035126232101225807,0.3894590113040701,5.198056193673324,-32.226656984983975
0.07643147398057787,-0.01252104425081496,0.27377531937849664,4.78860318843262,-37.49800179959359
0.07738588467210526,0.020100535602490897,0.4683411344160371,4.768311450641215,-31.98706113558269
0.07673222832214147,-0.01733545380483628,0.4147198787976554,6.802878157122075,-46.24980976035838
0.07787403565815439,-0.023114392733959023,0.520647579410503,4.635691433595285,-41.270578881042375
0.07610197914948566,-0.011005269018294414,0.4677256840929336,6.031380591277332,-66.98910568991087
0.07844877284532563,-0.01844583135523619,0.39213933690262337,4.9841442487688035,-44.27932057855442
0.07838618964181446,0.01182979252662988,0.4699284482176749,4.5161016451699245,-51.14205682906531
0.07640125207324402,0.04186305012889572,0.4152365816541823,4.633431918898774,-43.55941211157922
0.07758806582835001,-0.013631762669526006,0.4157741764951246,5.1296548734763565,-33.717478052169845
0.07630787730419367,0.02741440439654514,0.25941910268205204,5.241922775619092,-41.98214445103791
0.07535862403731158,0.0316452399857237,0.4602612795587038,5.016015151933302,-39.02360667233409
0.0768473247948489,-0.011201330660486463,0.2961735024857859,4.1901263428441915,-33.674966017598976
0.07787287473273749,0.02200257326692985,0.40026495697250875,4.481663238936286,-45.407182601898015
0.07755523957507239,0.03132813222011914,0.4114892791944369,6.550169953485388,-36.58485100765824
0.07666440030051432,0.03417939768162811,0.4046441067318063,5.256677133327767,-36.98150834168394
0.07756505271282776,-0.021398834139067846,0.593810987198538,5.105392005161485,-32.31351260290302
0.07749496549927856,-0.039373336380288,0.39076582018326755,5.071297179991114,-36.49589287431244
0.07696251021449095,0.043469234644403394,0.4716480984826332,5.418222441521727,-46.237560773058014
0.0782745225402637,0.021830878249320368,0.37307639333773057,4.548095452346923,-37.147476980687784
0.07576478107129493,-0.011642289595365736,0.3933467251947329,4.870336781581533,-38.48178950300382
0.0749523728985614,0.02315906371697583,0.30325155766787093,4.56289756780421,-46.21897497779529
0.07601210519857182,-0.037576686657583874,0.5922804362547671,5.367566112452123,-40.34018954306169
0.07784616647443614,0.013645935961935324,0.4688183367464296,5.138339087402022,-49.083756331284505
0.07777190268764324,0.002222631963096214,0.31958607948450846,4.808934680460413,-36.3861782574801
0.0760942646286499,0.0436021286550323,0.4228990884303716,5.033230846885646,-43.09286969347279
0.07791981712241516,0.013745484983168542,0.36928048855342865,4.889641866092084,-39.754810659103235
0.07685402406917285,0.03334014369728234,0.3815354477671167,6.0634430746342485,-56.12503255372486
0.07674329768933816,-0.003860720582015106,0.36435991530239153,4.834298383968748,-41.94898808758763
0.07582986649298382,0.044220331578506,0.33209657410722393,4.576033376401979,-43.489097333416645
0.0784444861181699,0.011570785891004543,0.564392231533219,6.284699210819454,-62.59421318865891
0.07731954482353573,-0.08450746381367476,0.258329218051093,4.6430692371422495,-35.61798276994043
0.07740247581129915,0.0030504448305248306,0.31643745129383083,4.2246710660418545,-32.9126049459224
0.07701573119540255,0.007963042071084003,0.310976434527785,4.661385335538183,-41.48559113313636
0.07521198946560981,0.009387531194800826,0.3645906603020208,4.254640812902815,-49.994857002781195
0.07688848490722212,-0.01999722430803151,0.4044504469348782,5.3063862617700845,-32.1907756178815
0.07637173140254105,0.04533421692660257,0.44456639720343993,5.211352324883363,-29.12053506961406
0.07586469664650104,-0.004654357639791581,0.36470767466195353,4.824378349595369,-36.87104552363229
0.075098837218445,-0.009818283125996403,0.3677066153020383,5.206472090408966,-63.565225088186224
0.07799511327841316,0.010981111586259439,0.4228469243483741,5.3208461729981265,-43.41541421890361
0.07796534561705926,0.01802981091599955,0.2676193031161125,4.386564277926686,-48.131979207734176
0.07798807594904733,0.01696001205797593,0.4838775482977593,5.1289892093418965,-35.993144685892716
0.07783362414069513,0.02623789709498254,0.3367833093464556,4.265508688119979,-37.13097187052029
0.0789731544947989,0.006783475130442811,0.36080390469817525,5.191637621959273,-39.6113297262737
0.07863142766105437,0.01522508282851187,0.4295682888579986,5.64659720937396,-50.053511904341946
0.0772709316302062,0.025828285119386545,0.43797031940610154,5.940138035304482,-35.86178117718053
0.076864965363881,0.03886975720253101,0.30746095948170016,5.841412896947534,-40.38156351877184
0.07859432684927471,0.003169570966299794,0.5271785855795863,5.471132806120193,-46.09030764462235
0.07406587578013323,0.01735513257369696,0.1605568804527686,4.050448291336742,-37.32729128570339
0.07718297304538742,0.020254702919147455,0.3357090541588885,5.001103025313793,-51.55601069698416
0.0776099066319621,0.060502618844598975,0.5827125515457685,6.10746772635328,-44.86805611355212
0.07535483865674701,0.015522802953270659,0.38701253763501864,5.374571921583402,-40.39226046772001
0.07658680736589037,0.02372782580018959,0.3291939408350064,4.596091834959698,-34.79982727310603
0.0740066815633266,-0.006562282585348007,0.3462493771533741,3.9591019866129726,-34.33826861544051
0.07723644861165371,0.01668584245910391,0.41177319146598146,4.453855740178297,-49.47926014472359
0.07638222845805659,-0.021013307918579773,0.22241309196036596,4.438205153783298,-39.088156892078935
0.07657197230945129,-0.00949631916405487,0.36778183785216223,4.335790106832879,-30.517329147402307
0.07622631580171722,-0.0012238623390825468,0.3136971417776513,4.447283020759126,-42.143318511437215
0.07611128423493212,-0.018630892513120684,0.23832674135899934,4.67736162355555,-50.6008473017825
0.07623503727422926,0.012244773054743438,0.4799112160320669,5.60109911750964,-37.028188387909765
0.07708552506033882,-0.03002307920213575,0.4053545973007613,4.501493629684498,-35.128536375152734
0.07748513088207633,-0.01587758669763451,0.66669954354444,6.336699627535596,-33.24176715540918
0.07610651811513502,-0.008379108968575973,0.30193805717191724,4.388586001197954,-43.331058102303665
0.07635003555786664,0.01463830368642081,0.4427980481662619,4.61034493865055,-42.169598927322234
0.07706156097359759,0.049574129435382266,0.3691954762329934,5.1387487483633425,-39.124913697736105
0.07699595762268546,-0.01662842839641726,0.39159656205723836,4.285939290698185,-40.60453745622759
0.07728027098298197,0.015744262835182956,0.4802988120040337,4.891287196485634,-46.17112371222821
0.07780435763121658,-0.0001675717209239775,0.37324612506222143,5.205363970995712,-39.32461116207591
0.0768502967803923,0.020129865257920248,0.40100362228576847,4.866604498206998,-33.31627353490473
0.07659630599315398,-0.015491233029112386,0.34225191297785384,5.065518434200713,-43.93234790768739
0.07640399408735123,-0.007668044747486228,0.4205298951667049,4.567824027641735,-42.28835735660108
0.07807795239624708,-0.015088985558263514,0.35202543817965637,4.969392614587185,-36.15194015679366
0.07713057459340865,-0.03897669817650698,0.39973065596962165,4.87485023911817,-44.80341968043252
0.07667752265474381,-0.026170072282234506,0.37001392257418697,4.9297367326540025,-30.567128585844074
0.07616845537195828,-0.0011229411143095645,0.33761537216696436,5.711025619145573,-43.715109461318946
0.07769009071504872,0.08524208191592432,0.4441257729642891,5.122918461503439,-58.337356377656285
0.07704597666024651,-0.0023397387150975633,0.42417770085901374,5.386394176428526,-37.795860927513864
0.07618983570301963,0.013171331523761298,0.20460056260219206,4.200035307167849,-37.56030703603114
0.07626676749553996,-0.002989035669815449,0.47705349367404715,4.903839670691056,-46.18401532550733
0.07687972991038503,0.0464973685385329,0.34406595286985775,5.306990548426559,-33.433067239238234
0.07759393186144616,0.010852755845610011,0.34136747618324614,5.219480316104861,-37.96282189494547
0.07751806461591308,0.00864684300300811,0.41816076061884644,6.0115019938763865,-36.52861101525276
0.07726790157161802,0.024150714146406238,0.3432520157304495,4.840302278085644,-50.97431465618917
0.07629958876752713,-0.0015353699096948528,0.29100948552412076,5.465298132477929,-43.44219010172243
0.07781444368807358,-0.01756608701575193,0.3762503853677437,4.85770998396195,-41.855280544497624
0.07798443416898176,-0.002396096580611103,0.2725259697424396,4.949705721575026,-35.784217865673654
0.0771727857938762,0.03406282581167329,0.44300003020212353,4.6130251271588705,-63.51465411744834
0.07657231665382977,-0.0039228335078646355,0.4931774193435139,4.688378459580595,-46.21463015561352
0.07822583586312373,0.030707157100293796,0.4383992380400348,4.959998135128988,-42.79591608058699
0.07821529157356316,0.04743412866214764,0.28955715644365965,4.37254650746065,-40.567521942627096
0.07738252216313529,0.020851052171918457,0.5332400282894638,5.737729755873992,-42.58481939811932
0.0772641964605049,-0.000991034349390139,0.3617898522875751,5.151156916560253,-34.995814391169944
0.07699383884898274,-0.006928407787700213,0.39813897845561286,5.545898300220182,-44.11340941746164
0.07690982601651511,0.007671859102663464,0.40412656128454927,4.914846640256744,-31.737758907457923
0.07732355197126632,0.007485517557451831,0.44885591618369336,4.487636575838449,-37.16204783449966
0.07831285446098951,-0.025907896267456872,0.3934805455229178,4.545869288640686,-33.41139635774982
0.0783206512617362,0.008011788003094626,0.31352239161456597,4.8901534120301156,-48.1163588265046
0.07863466597728622,-0.00682182616803962,0.6564499377886182,4.807040194068938,-48.38620194137613
0.075895809993763,-0.003340528220793303,0.33232591437688885,4.730168899040699,-44.12371728141102
0.07599208397044968,0.01813384514139488,0.36269395637965385,4.724176272618092,-30.41168304279061
0.07671332879267542,0.0024105244943979707,0.39297054548164345,5.096897842312543,-38.65392972503364
0.07887653617511595,0.005548209583281019,0.3168673472976402,4.741587525720861,-51.47345572017889
0.07698641253392544,-0.0489348559392147,0.39569666002296033,4.6241926111717735,-42.456961673168706
0.07870018792911568,0.00803686989525716,0.3983855713027795,5.336708984459974,-35.62495521491257
0.07909664714666324,-0.0016192851502464802,0.5844282564805976,5.095032653568058,-72.7390809862444
0.07852285259022529,0.013509212944028421,0.396887995891547,4.915766394967294,-39.76627153926346
0.07765788699230346,0.004032974109204265,0.4886915905140601,5.060657908950698,-35.131398148977816
0.07734418592048871,-0.04057960608650815,0.44570606091269704,5.559564625090865,-39.141291547891186
0.07948663378941062,0.025231034639347245,0.4252852070419273,5.6235869943148895,-36.80419298698039
0.07879434639260295,-0.008178788423299976,0.4390530362195224,4.962284959529867,-37.51588352909538
0.07817851729475464,-0.015832856199382253,0.3069774202986406,5.154868804694498,-33.535020823487244
0.07934480601896698,-0.00208629942237836,0.36011343403659657,5.318558594738047,-48.564902189732344
0.0779101486313922,0.0012116548640471439,0.3968973167520975,4.826072169094784,-45.06453085465903
0.07741225186158357,0.025313419645149257,0.4457424406587953,4.5083302914896075,-41.34036292373486
0.07717606759971805,0.007792555373829217,0.2797555970957051,4.807189735608599,-37.376226457676545
0.07613608261640387,-0.0009020774973591232,0.4170193219543594,4.45255374784624,-35.53884836430658
0.0773241989178113,0.01861646564597123,0.30175170907361304,5.1212945693871665,-34.484551932336906
0.07663857285733715,0.009817330718634063,0.37366691876422564,4.592987406684212,-34.62896794524577
0.07806556426631879,0.061295075473057646,0.3383666615950336,4.816464257111946,-38.58625177810998
0.07578872289185329,0.020463697465687623,0.40772769434864387,5.251440911175217,-40.10627748185203
0.07693434701094173,0.000711708514658214,0.4678236756821956,4.69231252393236,-36.36147481731946
0.07732904689791945,0.004327163914133742,0.4109590042621094,4.797679719106713,-44.514683094959956
0.07843469958895345,-0.016630285330594127,0.37301271723287943,4.819295566642759,-39.52517525606571
0.07572220509038284,0.005856565056632844,0.2556497618947904,4.608951886483362,-42.44323061609943
0.0784842490169206,-0.0083880328551306,0.3055849421439798,4.918184283279329,-47.30861254610707
0.07769689014549584,-0.021895288582611475,0.32180274868662684,5.058117503339773,-31.493336305659557
0.07684735275206296,0.004052050584830606,0.354071374640641,4.827752508235107,-35.91260004477569
0.07749397185477154,0.050523294648942,0.3092928223144291,4.439054958296332,-39.349330413946916
0.0768944284392569,0.020236624494230363,0.34873963271290576,4.889821117495176,-40.16316996776285
0.07756135172397398,0.06399913969315797,0.4108891959251961,4.938026368635551,-38.25577966636932
0.07578647662388391,0.02884452367003658,0.40612713769900033,4.407118721953368,-38.954598967401424
0.076664614301107,-0.03946855372384701,0.3696940762234133,4.591427260267547,-33.33668735162155
0.07681094129826167,0.018590590272468573,0.5322338303970517,5.272686327685529,-34.58856811320138
0.07548862542369794,-0.02522597873945843,0.40438133349114525,5.113353142059255,-34.298547946252555
0.07672604153231645,0.019872146201444982,0.3692352623209092,6.425458555585094,-41.57888787526039
0.07659261588817652,-0.008803857102306035,0.4327635837533057,5.966632614653214,-45.91431838747966
0.0761245009733233,-0.008420595549018323,0.2677750734150206,6.055868926635731,-36.83037514608224
0.0758757143191252,0.0036745258854991763,0.3256433580469116,4.085628751990036,-31.92666480226175
0.07866708215291275,0.005443644347730015,0.49343361125520113,5.186413285380679,-37.850389815380076
0.07488942304220102,0.009539604962247384,0.29225554727341496,4.272966555232726,-34.09513124453754
0.07551084326884368,-0.0024492976811304108,0.48119187019242604,4.661582161740177,-34.749613961888386
0.07746565172555915,0.02954442662523771,0.44159536596951554,4.853764108666782,-60.03316862827606
0.07787997670444166,0.018002829978870892,0.5214674264826518,4.982025116320708,-35.41806948031367
0.07812252964844313,0.0417039997814026,0.45328714768571965,5.683379711307752,-39.23656490669042
0.07611407711044653,0.04303004706682386,0.4233434019822564,5.32096052892185,-32.744114170943675
0.077470789606067,-0.0022872629934917272,0.2979804437229414,4.879258387865941,-42.95077886118712
0.07693442285428465,0.049308162021303864,0.3989074739920051,5.108246548418904,-34.36834943954083
0.07845103780085545,0.03371763580833827,0.42187994085841796,4.384900565282884,-33.489187388726016
0.07712598352036994,0.03118807280819326,0.4760969599110991,4.901072021988095,-32.961335166152125
0.07664916109445931,-0.009898994339453716,0.3646101137861484,5.035932481039281,-35.365643526584954
0.07609715052720026,0.05530991529380988,0.4043658516628157,5.13816873944893,-40.88647172644913
0.07746998977930906,-0.020250781582272996,0.4160923101181391,5.576352872004379,-45.81534480739964
0.07800517279271853,0.007310828897218178,0.548243067742697,6.640585251653378,-39.01496907697451
0.07763653012948785,-0.043330644667233326,0.3776137925528942,5.152213775304627,-45.98953336568741
0.0791884014846082,-0.00168167044789701,0.32208250101140745,5.2406664640233105,-37.220656899035525
0.07754853035710525,-0.01943280479199527,0.26740101570217645,5.0420039967163,-38.42807475897108
0.07856042875899338,0.016656243147401953,0.38818259308550696,4.78612459147197,-36.27037536879065
0.0789819683115037,-0.05530524306798043,0.40667074800378744,4.418730090690437,-45.16405726705559
0.07907627967862739,-0.05523342579891858,0.347147469415098,4.135247653644751,-48.07011599341907
0.07822047728316575,0.027528533051136363,0.5455721387395394,5.088181686225222,-42.72336715274255
0.07781550947995522,-0.016502076424685066,0.43236469666653043,5.178916165855218,-61.1864253301652
0.077529087283419,-0.002108147830044128,0.302676450191699,4.720808832200398,-30.383782532137104
0.08153544630347129,0.009620351223575144,0.5663406204008301,5.065281650177426,-48.66936579117144
0.07680178169726923,-0.0038743418398380007,0.35584526053491716,6.171731820862869,-46.20470269549597
0.07831487270697295,0.015401973322867,0.3886610142057152,4.456369370679267,-35.824274486582965
0.07714297013854778,0.011435446562937605,0.3524687914206597,4.679622775110275,-40.98176515362658
0.07835456303769503,0.02078271750515158,0.4418814239467084,4.645549485419067,-31.750488732157937
0.07742108696622162,-0.030330518142308322,0.2835945491726761,4.882390764739835,-32.47683136840397
0.0755716893063095,0.026863267392780298,0.3714779746074566,5.292987409328746,-35.515000275206376
0.07788295128949917,0.01721325626901646,0.33096201371408673,4.609481202960055,-65.11973717681649
0.0790382315149803,-0.056850540981944225,0.4727752354866821,4.972277244405625,-43.15735679811226
0.07650243562299178,0.026377253000078107,0.4430275061319495,5.202448742434371,-41.867614813715775
0.07822062241816012,0.016038846152483157,0.319873256986249,4.998681778697064,-31.628627359353974
0.0796214999353386,0.014718755513241167,0.3697429098121279,5.08656581864075,-33.48285083829356
0.07955654282244407,0.0029200478937847934,0.3752488807261227,5.342112476512758,-35.448469355865676
0.080108293097824,0.021527507340760258,0.5256604899150052,4.905859116484847,-57.3502234643072
0.07790080048880675,0.007922016273285797,0.338434598701411,4.80097762350643,-39.808578336970385
0.07848352017750684,0.008622994304045964,0.2773934809764955,4.765331615530509,-44.2221501976873
0.0781613696593864,0.032177777433405254,0.3698593816666804,5.565409125961508,-44.39607417972691
0.0778284258300751,0.008830694429668176,0.4586444729397474,5.113812797254362,-40.4344536022308
0.07946396957701962,0.04435068573556297,0.33011216308265734,4.391927585013676,-38.859171369086965
0.07711978716429153,0.004784624256605264,0.3934391781306097,5.160802624521303,-42.755021280547105
0.08226511158434281,-0.0072225337560723035,0.5000322491035449,4.813705255769313,-40.3571390817865
0.08432588993239636,-0.029104497383296568,0.4505078137359315,4.541902852220702,-36.67510938468597
0.0842800498732685,-0.009240499726911891,0.37804660051855077,4.746081671777343,-50.63973658220737
0.08309850817281184,-0.02679664387540343,0.2908094761649025,3.935088694010849,-47.843958488071365
0.08266808841262072,-0.01809103234654752,0.20866584420717427,4.7539504970578434,-47.99009185890961
0.08427124871137842,0.013994380846725395,0.3977239365826426,4.983906212645108,-41.835341387720696
0.08598723191692109,0.014673433727188323,0.46997401710122455,5.535705585451342,-36.989193422641605
0.08444288039158852,0.012272997772886731,0.48617253117220516,6.098797170487092,-42.93101780949117
0.08268255902187746,-0.03174726867302683,0.26563962545417175,4.7531184889429205,-52.581629883494294
0.0836379520986137,-0.005055963633610411,0.3814751952221682,4.782517863760918,-46.36993121222547
0.08381571232658289,-0.011899105876835877,0.38734288797244965,4.366723014581121,-37.29837443936416
0.08551655227434408,0.014265667963896582,0.3942700118548701,4.373422338171181,-36.433171570771705
0.08430120065361243,-0.00810017364719132,0.36554104938229504,4.863513174440545,-44.48910220800327
0.08697885681706287,0.03295136513717853,0.43608179857235374,4.575824683889422,-42.36110883483027
0.08478583054111621,0.011073800350761902,0.42842896549745957,6.1095114206471095,-30.055801316913787
0.08516847160004398,-0.016346862457039125,0.32862391437849814,4.391296367936781,-43.36773491717804
0.08699169910336632,-0.027813724072505146,0.4336731713848434,4.632625918952825,-49.16494184499109
0.0869552866420438,-0.03744815844765326,0.31637029995901456,4.3815622340296265,-35.46509480282505
0.08790080163305893,-0.02281805144507809,0.42981222710651856,4.141031631537499,-37.32936065204866
0.08565032244174565,-0.030113036875528194,0.43602307226307824,4.623450195057188,-35.24591310896461
0.08544638075644281,-0.005672452270104316,0.4776672769745254,4.73981456457958,-35.98926204943956
0.08661301154867697,0.021691205470364298,0.4858828806542532,5.103159353275618,-54.004581273729045
0.08760435629686174,0.027448184524838826,0.44404814481252197,4.965506492918355,-45.726812543575505
0.08819957754159384,-0.0038685954707781984,0.46514373769579764,4.977348103430234,-42.11436777067082
0.08605389220297505,-0.01964971767846054,0.49239388434652565,4.683111823105516,-57.30211055784006
0.08917826412847892,0.027674718951825494,0.39976216156149746,4.104139092376867,-43.38173038839069
0.08561711642539709,0.006372174184826536,0.40454694066254815,4.251486328871789,-41.99048192902275
0.08827365730623576,-0.0422642961912909,0.3656107562716633,4.486049542800874,-39.73983341316513
0.08883351291927008,0.010985426389813771,0.3767647188598011,5.358338135660335,-40.171130839423505
0.08730537730432188,0.0031885084288652207,0.3758736644933989,5.177229787627579,-48.81549981414525
0.0874788557041786,-0.0223292345970361,0.43926905452751575,4.744003527016606,-47.918234856680705
0.08891707562606087,-0.012188310573724333,0.4399110380352411,5.387041764783468,-39.08358999896394
0.08606533531776527,-0.01584311802196623,0.32097927622572353,3.880772656805731,-39.61918827817736
0.08849752380010416,-0.019659012926293958,0.5408627809292441,4.937991270660679,-57.30820487656146
0.08784936420382122,0.007927899954309744,0.5756889213783629,5.725710192198759,-49.65514803892195
0.08692632195841919,-0.0026246758373795038,0.466427651777761,4.555582142189621,-42.68163686666088
0.08674333435306426,-0.03923418902542464,0.4476491237518294,4.761172752698208,-42.49805003470542
0.08853620513180258,-0.0065251585488366,0.44205867420539313,5.703881245510961,-44.971886234760696
0.08814084160583206,-0.006372932211931776,0.42173940068396476,5.230265466054919,-45.2287448594984
0.0899870048126742,0.03416954759895027,0.4182878595040824,4.100592088470404,-54.47309820771953
0.08840501059576603,0.03453026660276787,0.5599079269272238,5.056274491543448,-39.874347377027
0.08764679009783032,0.021972795807166694,0.4133945902637848,4.791961000867241,-42.43212682796882
0.08951969957125708,0.012971785400113449,0.4976233717731473,4.937460716656796,-47.519852964395554
0.08913656021626312,-0.004073492321790342,0.4488186003252186,4.678215077946407,-50.12401848514741
0.08819533236169942,0.024025157034282974,0.5131483014185791,4.705464437710107,-42.059387746364045
0.08845663938213598,-0.0755717734693791,0.48455318203070874,4.555904483992716,-46.171678421504346
0.090150743170207,0.0045140058708095995,0.62142332163747,5.3576929375732725,-49.50760786543962
0.09071041798845723,-0.022283606455773264,0.48847343858301295,4.839576420603223,-39.82740616150936
0.08991441460146976,-0.03897180212791637,0.4492800462837785,4.804568899377991,-36.780394100549294
0.09103706078046937,-0.009686501434712697,0.3630841655694015,4.822211923763919,-49.4953145765487
0.09011333846624066,0.019479012623990544,0.5448817309014808,5.448693926526142,-43.240889685768714
0.0920947353718068,-0.009969463060049356,0.6271152973449623,4.669105115118632,-42.65361451897609
0.0892083709483904,0.0024766250145918395,0.5867654741526533,4.293319067798878,-53.133268489836716
0.08972886132503577,0.017608144209957363,0.5143274782026097,5.628066516643703,-43.734758435354664
0.09109389338539316,-0.028708325074692242,0.45917962572933524,4.314229915910229,-48.49878952174206
0.0918239707351109,-0.03048131053849947,0.5829057334910344,5.0749275626981225,-44.36735999280591
0.08981583914286778,-0.004265267253971526,0.5310078446810786,6.056838138924172,-52.17940501662124
0.09123699259817464,-0.050525193330242954,0.43039496806248323,4.493791260807108,-31.430866934862095
0.090868854030479,-0.030886115927940022,0.5427748427734067,4.567021389537957,-42.573987247076545
0.08962443312887326,-0.03241619927541905,0.49971504136359,4.273388256183161,-46.02001731175441
0.08982404539353243,0.008679368149814987,0.44274381751680636,5.544172474287795,-44.45080221480112
0.0914061765491158,0.005042156520235057,0.582462687094806,5.470089865659485,-58.72567982325476
0.09195853451590287,-0.05502344629223245,0.43563102620185523,4.164920657079042,-41.74929698261341
0.09039873667146503,-0.008993555408392554,0.47878707529090514,4.269971176730432,-49.771920505191375
0.09161855206251215,-0.03595404325704381,0.47698234769120695,4.900754158324215,-47.15152903051336
0.09144305642507458,0.01802297881067179,0.5751738250828198,4.37430698007942,-53.80394160903058
0.09038385103182842,0.011193994860538594,0.3850797512754398,5.2664275151584095,-39.401048725667216
0.09101168178153356,0.015226530189789372,0.5066278875240613,4.263188992940091,-51.88362541087842
0.09111499109127158,0.019898707442679554,0.5416578567880013,5.443670619504836,-54.902760313912026
0.09316506452553379,-0.0023753558561317024,0.5606343516867578,5.871299534710069,-52.99026637828567
0.09196030611296717,-0.006080989570994801,0.3945374533292174,4.860792866988612,-50.95773882392834
0.09220456198041396,0.042678989579751365,0.7429320078223713,5.455261531493929,-44.53654314525655
0.09182987332434704,-0.0801480386426561,0.5514315573581703,4.040079622996017,-42.39671330919604
0.09341100455237795,-0.002915038801058578,0.4621845204826953,4.464142121137102,-40.2130908967839
0.09314935818183344,0.020014109926430185,0.6212043766864812,4.798744819340867,-63.63662871318797
0.09361258209954337,-0.06287808163110668,0.5940862744023403,4.507941032448654,-46.715050716341324
0.09453647609520888,-0.034995148900383306,0.4944810291728641,3.924411140799888,-41.060973668770735
0.09488179632277996,-0.05344741379069576,0.4542473961041491,4.479257523268061,-52.51551777445905
0.09591115706125186,0.011266803832904649,0.5117904701312876,5.1923052047215075,-41.214891135240734
0.09453624651051509,-0.021702785236605116,0.4499655571231087,5.066839626922587,-51.81870643511895
0.09484404113423191,-0.03151787544559582,0.535898183559866,4.765718484731039,-43.642707044488944
0.09559869276613436,-0.029622952267080276,0.46969629851278594,4.5711922135697485,-55.110657767562685
0.0962706846686077,-0.01639091392032354,0.48180769318880445,4.466572575859284,-49.349810322714404
0.09629343885845754,0.00040878737074535323,0.4805750682648142,4.413592504726212,-51.29505352497555
0.09498840749582946,0.021381234575360366,0.7507923322085408,5.34802102058932,-59.927379259275064
0.09552074356479788,-0.03897191140240307,0.656121236785383,5.265871906229275,-41.08850534975239
0.09492288322509818,-0.04190839046033487,0.5191599959314068,4.85657392966872,-48.887731634603554
0.09428204497096067,0.024792434146882494,0.47921643523715485,4.942616594108988,-53.508182702579234
0.09331646084820391,-0.04144449930619361,0.689706210670316,5.2830979177613,-38.325902299633334
0.09846557957645974,0.00711020784504615,0.6138494774820606,5.006825756986272,-56.30846535408637
0.09505307008620237,-0.030026513073597147,0.5210922146070063,4.418584266863843,-57.485438086623674
0.09558984315937742,-0.049731188251131035,0.5458504134257036,4.519308597250487,-65.99737005373866
0.09694473044843,0.0370742313949695,0.7062395065797267,5.08537181669975,-53.989995093920875
0.0965114094210498,0.00534703217720322,0.5864623868227175,5.16001168138969,-52.30638469734042
0.09612524026709245,-0.028975382824033644,0.5570697430246279,4.442121536586467,-46.56869282939994
0.09615338622035433,0.006107414449130071,0.5640454659335012,5.616026863187993,-41.45118297920004
0.09568015540681293,-0.020911542332642523,0.5432747249511305,4.546397297856246,-41.707204366079836
0.09588543375429867,-0.02751206105697839,0.5672500308533026,4.807820979162362,-58.15368642762487
0.09359121892445693,0.045611424220957916,0.5768304314500123,4.615817647900205,-44.1820105472853
0.0978013926401038,-0.028429853925314164,0.6768295207728494,5.470269753404528,-50.84202764923663
0.09710681060572232,0.059477001217677045,0.6496287106715641,5.056287987807379,-44.51987824774894
0.09409151883148462,0.006015292068878708,0.597040055204102,4.825089504752302,-45.47264567262442
0.09633701373222939,0.027606726156378065,0.546878286904307,5.781786028246551,-45.81724121582969
0.09589212714726962,-0.007184019795022136,0.6808354102819609,4.6823447696642795,-52.62670536152643
0.09741922811159702,-0.048870658216164736,0.5786708403113869,5.6662325364317745,-45.011749390310364
0.09765945669735152,-0.0268662408552066,0.6130412294667629,4.64880734906149,-56.62539772831343
0.09483689122646313,0.03321644542826081,0.650924008436014,5.19839899457221,-54.75781032754342
0.09751085676733642,-0.02225936417323918,0.5203906552231401,4.255936351684421,-48.265234594814615
0.09844802225508394,-0.015102267457155517,0.538344260175335,4.642043481746025,-65.06439575913642
0.09941949426467503,-0.021229170754302643,0.6721600740251441,4.415633002832344,-56.34266540872612
0.09837946999850884,0.033047221773961674,0.5517369692918188,5.011208131203314,-58.52246850149475
0.09805131488951334,-0.03163167505508178,0.654879920861501,4.038701576273839,-52.794482304586
0.09792751075811766,4.217965927615701e-06,0.6107807026491154,4.860738277885228,-62.41225556501679
0.09727314629554436,-0.03624458601760648,0.5721356223413836,3.9682072051747843,-59.77597851990123
0.09838645353035777,-0.027031744010146685,0.5399740592852216,4.716096407081386,-69.84244604165434
0.10379379699636138,0.022240467660680947,1.0575815259949284,4.778705610099108,-45.845039844835355
0.10638649114453806,-0.058146404642919085,0.8590070644704779,4.662246067746778,-65.23144033532347
0.10502789459271344,-0.036002752487437874,0.8590264833433601,4.741597476853068,-48.516325279322686
0.10535479352896691,-0.04558963256267341,0.8341391217360234,4.8407859093737144,-62.87638919085099
0.1062761847330165,-0.042138640502113724,0.898615531831167,4.9587779362226065,-50.8702908271906
0.10429216187852698,-0.040498173629884025,0.7802236735737194,4.170975001042369,-48.511287453093026
0.1058579707010176,-0.02195791511317013,0.932059727998976,4.798882848744395,-47.59541690355302
0.10620989914212917,-0.01867947516495399,0.7614458114559657,4.340461705769005,-63.83315924494675
0.10301590204535778,-0.005549439713415028,1.0349015275570554,5.542833569021115,-45.91637664074447
0.10596938126470777,-0.050516560662346825,0.7442567593636973,4.652287237277562,-71.44160011525496
0.10595938103673265,-0.02282194495374036,0.8540530796659489,4.973603987147739,-72.28193070522565
0.10464030419355035,-0.06483202542591618,0.9499440698626831,4.52980334540365,-55.96264244748293
0.10564207193765773,-0.02286218072822265,0.8948008669341241,4.553110244598868,-47.31966303493353
0.10435954367219488,-0.037079619355581746,0.7812655875354575,4.752799624708901,-63.929272984163404
0.10662787171909487,-0.037402774799800406,0.7674963095690868,4.3046906273174965,-56.96016518355321
0.10662177420384168,-0.014484377581742256,0.7651020639112542,4.558168381918456,-64.25795820418685
0.10470268546579882,-0.03878282344332093,0.7866121017471901,5.549045828340132,-44.509942675596974
0.10421010318327466,0.030035013101703246,0.8912586404895491,4.711635292563492,-57.09837105231592
0.10612328036187736,-0.05854653583853182,0.8146237728911685,4.513618485657658,-56.00259686699602
0.10685637013248496,-0.024363678486229848,0.9255677850088841,4.482652736623151,-64.90934184527042
0.10484058257137954,-0.04778007055882109,0.7769323655832148,5.751589558265323,-74.5533031618699
0.10359935976515491,0.0076986271781395565,0.8172623942555983,4.575317850172925,-56.100340771823724
0.1061608500070471,-0.04607018416592679,0.6426959033402491,4.389565456277586,-62.25087923450508
0.10631852845194717,-0.0688933094656002,0.7743260187585892,4.618197854590487,-48.496669399436
0.10491263548297876,-0.05970337970046047,0.7591197436984918,4.6324258061256085,-63.592824893935685
0.1029637437136551,-0.002428635770401268,0.7341414797768246,4.690971623402076,-46.192715690156774
0.10200354165305059,-0.017906961107866902,0.9050225429865155,5.411576804632367,-57.87595326373392
0.10489127136513195,-0.03257814790337616,0.7650174136256669,4.213887335404441,-46.46507262411106
0.10283863459626931,-0.021340116396958507,0.8053057434449236,4.823090095927756,-43.061444214508185
0.104138791478608,-0.04532035089455493,0.7669826301313747,5.0893619224385915,-50.22282412946572
0.10527105383433104,-0.02149390719644026,0.8038321946972418,5.034622345797741,-43.82638144709815
0.10531576914436293,-0.005411582333146058,0.8370858708539259,4.8235891370042845,-53.30072040914726
0.10321447893638458,0.004343821668891203,0.7873054380567708,4.379230556195382,-51.77535769508306
0.10400314819265989,-0.02936587690963042,0.7653436479996785,4.413327942243909,-63.80446559583246
0.10480054064895132,-0.046383563254037925,0.8509955225904209,4.770967753638237,-60.68179452899415
0.10488916094613579,-0.005933303633868527,0.80074857922137,5.0052836276343715,-36.64687746177492
0.10448049403028538,-0.011293918557860985,0.8871633711884028,5.091859537396436,-71.65976281782467
0.10532482726442635,-0.053576403255891636,0.8236207414067755,5.098512990216626,-50.18501843505309
0.10710761691664371,-0.034819258456093516,0.9255527086622579,5.247059137142183,-61.3584334112689
0.10712431104832426,0.0012976463595834032,1.0495842117940564,4.471440659104178,-76.22757688300199
0.10520757314597474,-0.030380670819548337,0.8784203428213302,4.9235999321197035,-48.472500011913404
0.1051648280769437,-0.030511200742204512,0.8317304748396936,4.84953010741252,-49.52688571333519
0.10574962299541249,-0.03352201770166087,0.8601559026567549,4.293159513388478,-41.79133355741751
0.10543929148781836,-0.08485067919242498,0.953601556480494,5.330081339411591,-62.600280900725316
0.10669288280028043,-0.02195873466865378,0.9481172373449427,4.527012367864621,-50.31362084666336
0.10714596999756337,-0.023708274002328143,0.9321087130509196,5.198515632577379,-59.428812305007526
0.1082455801187022,-0.05916965522883628,1.0419995377786169,4.665317507155642,-69.4051369973082
0.1066530244622867,-0.023199085557976146,1.1174062768211979,5.100652351329826,-51.18105632981774
0.10575230009134258,-0.017608129531771554,0.9834882699820682,4.642925019842625,-52.388841727841516
0.10728003431076423,-0.05349847151082792,1.0681348254977925,5.164055022532865,-78.6530787815727
0.1092699857470305,-0.05341085126565305,1.137276421659239,4.557518668968377,-67.29969048776569
0.10650088073652841,-0.04304272221254287,0.9486291428705744,4.741744824151408,-44.25651403060023
0.10979059235618448,-0.021489714062221735,1.013779428843507,5.2463511457459955,-51.02946534404508
0.11276782356350593,0.01069138666545622,1.0771883607993633,4.78860000074308,-66.06834382024836
0.12028870746886945,-0.008205287008668656,1.3455392473792873,4.888239406447804,-57.98683572550716
0.16689628653443545,-0.13496016631398058,2.388546034551929,4.649594164816179,-87.20146817933102
0.1717619405135619,-0.09727978956737492,2.38456183902439,5.129192167751729,-94.1993021909795
0.1737544359258383,-0.04025192087323652,2.6262579294366697,5.058863650394364,-72.08384004701958
0.17177918437224501,-0.14174927875027937,2.618354337945874,5.67007000038692,-84.87834626383848
0.16911726137713776,-0.11683292031901632,2.5065961084609754,5.008359247913544,-120.34891806538731
0.1736918046931925,-0.015039901582975437,2.5058689299282717,4.991599929147263,-86.594322162579
0.16859953520542212,-0.1275010914234766,2.46673143720185,5.154225359762754,-90.86866709668794
0.16686560557006835,-0.07890502392001855,2.6859691981183627,5.045976953269958,-67.39252602250092
0.17252337180324112,-0.09167649562791302,2.221071321891988,4.4979413043527225,-72.6578513753188
0.16982476952361808,-0.01810783798587171,2.5470156324413757,5.8825341132647075,-89.13863549755749
0.1688369467847881,-0.038838239470302745,2.2482645031511312,5.075903209102654,-71.201957666381
0.16849347762436717,-0.05479311369132911,2.294913970813562,4.706413632033184,-95.28500405210657
0.16950951531182548,-0.10020648395810129,2.2355532597416587,4.524819734096024,-101.21741423949457
0.16993603015753642,-0.10499226332731691,2.383651110241895,5.27257226833755,-79.11727699257418
0.16509543064755947,-0.08651061451405094,2.758446647716003,5.172765815809235,-70.42457811047505
0.1655270049130013,-0.1088358076554969,2.509337082331978,5.249898652227378,-85.37735003823771
0.16503688256696403,-0.12872427625579738,2.37308157927089,5.174600893551705,-95.65460181042658
0.16810142507227036,-0.09561282301937019,2.3700876117600975,4.5151312647926085,-82.3557444556634
0.16409903551523772,-0.11028597230638187,2.515350518950993,5.149329472576552,-59.20771374074325
0.16516423703487537,-0.0996704922856175,2.3416291493639276,4.952646012751989,-76.3282691234373
0.16412790006005987,-0.09651240720834077,2.5777696873087965,5.026567693232564,-77.20472674973647
0.1638367454217479,-0.12134778564225523,2.5313451160635534,4.889013132786965,-77.15105530425598
0.16321589900343655,-0.12753593181653297,2.6236216459824755,4.711550802926427,-71.54363279804762
0.16847889623499585,-0.10010809372956686,2.3979112216230556,4.754304651205444,-64.86779581314323
0.16697350674021613,-0.10276425395713273,2.3039733531191047,5.072661025906316,-78.33457227378078
0.16563809588555933,-0.06897877417062281,2.6605091979174196,5.143744230123567,-105.16704500670434
0.16415866735084764,-0.05990633021441008,2.4476486133168613,5.129183938856167,-71.04453546649255
0.16524972475984076,-0.07833637912902822,2.348219793785545,4.919826651339612,-86.02074989404821
0.16630584896626646,-0.05066753864453956,2.5547939289980066,5.195247222935942,-80.03627744869316
0.1575511747218979,-0.10126817461992649,2.7563095176126557,5.56009818109116,-70.21168200679932
0.16212426031057164,-0.07637470242201938,2.539286073441117,4.866637469855285,-86.51583853146353
0.1558261737820283,-0.08739877164502079,2.4635523573163365,5.153177932246781,-91.00117023741592
0.15678997088686228,-0.08234859367122185,2.3972977197430207,5.606225927768528,-55.34113375321751
0.15417651476498656,-0.05083604553447515,2.3804683204548365,5.0850805727127915,-74.39121268434268
0.15502766606671775,-0.07974326035372897,2.3851982462461407,5.508694168384579,-79.31467901689682
0.15479955490008887,-0.04514355609544369,2.3257241626731586,5.439292125506729,-95.52821539620392
0.1450686467016887,-0.18091263332694524,2.2598766452049173,5.314725252696695,-69.1494445351003
0.14251295959436022,-0.08434155539253017,2.398042660644508,5.19251022578079,-97.60117082973841
0.14808891668890603,-0.0547603109567233,2.157984867419695,5.354890951534707,-81.60310535943593
0.1452710145754522,-0.16538145502279275,2.2039511839944126,4.956253675959837,-71.16563121334882
0.1439164398197462,-0.0942732753960351,2.0266573535570096,4.968160697245776,-86.28498163027028
0.13972712158296033,-0.10365838687850205,2.3421195712344822,5.052705530621168,-82.45055608433537
0.13942111694991724,-0.12112983773341268,1.9861184728747006,4.812757311656283,-65.7035407780916
0.1397635746076544,-0.16081347809523014,2.071157094961668,4.78665490545747,-82.70559704021387
0.14242094915360065,-0.07639059066788038,1.9993406419403774,4.936071583414432,-79.27758856995382
0.13856824279089436,-0.14465003348212185,2.2246541528846784,5.1238291379029866,-69.72672266234683
0.14059532065276256,-0.13166170805385918,2.0879119727685627,5.085517758915192,-64.3569023260226
0.1344781462772739,-0.06836303325536937,2.513775218086761,5.629167422037324,-96.958719794352
0.14053554724361556,-0.04531368379231546,2.0289327099146686,4.931136737943592,-69.13023028172282
0.1395541734739036,-0.0913941081097122,2.1744102116861903,5.338428665046795,-79.29610389661087
0.13509444305715124,-0.08771630207095361,2.222467824549825,5.18896250753589,-76.90713533872014
0.135658014414925,-0.1733746910675034,2.1115664418455715,5.867696084400485,-53.71140500362803
0.13497136089451994,-0.10346111004034562,2.2532846321843145,5.897547410980568,-101.83515587679666
0.13189689984036773,-0.18244554911061545,2.2791711614357215,4.586915998270011,-70.51395292708393
0.12851723194284104,-0.13135883200837295,1.94499229902498,5.337805597191071,-69.78557933474876
0.12589233138504702,-0.10750410767538719,1.9970547708004904,4.670657803624091,-71.16801774223703
0.12576345778664455,-0.1225139772433429,1.9087803816378441,5.589859028785825,-70.65246510685722
0.12436039114109293,-0.1335169903310169,2.07972799557563,5.870036217333696,-59.08048923820046
0.12274867278273063,-0.07868291263629065,1.8494713082678782,5.213905661797435,-62.87718712864419
0.12051210248644377,-0.07787389504270113,1.8358671173349155,7.4930233675209275,-64.7163609859813
0.1166632473457258,-0.1192959456997606,1.4943461565538003,5.751597141913292,-58.31453933516704
0.11792317642053819,-0.10915110327949736,1.773079551503927,5.215259787497447,-85.30488690235674
0.11285861527156722,-0.07585062313447312,1.4241761501000436,5.475877924896837,-49.78234381015523
0.11249116241329249,-0.1629677297357754,1.5518503277344564,5.147071001655705,-66.84323699368161
0.11132827171042965,-0.10000129725223135,1.3305358625917085,5.793676575503453,-68.12486568153457
0.1111174328659493,-0.16417110323136339,1.3862573122947959,5.363694828326416,-51.15278333695922
0.11086750498730173,-0.18887633419260444,1.6088927128728772,5.438924598051204,-76.41145893117749
0.11017193970711474,-0.13172302075910797,1.3685303620359761,5.45510954602162,-80.23616959573664
0.11003507652747033,-0.15477491098818297,1.2734508655690604,4.9893181095115775,-63.01080324579443
0.1070069605194418,-0.15158544871237223,1.2216684710473018,5.0837814414994265,-88.02275581146998
0.1072848457833893,-0.1501977646144743,1.0729072289195623,4.576601629193194,-75.33149249644502
0.10781778904599011,-0.1398698918788942,1.232737896045795,5.481470221466947,-49.6728751639232
0.10573701784786335,-0.11333391268093183,1.152481866865088,5.428562405891598,-53.325472814505204
0.10385260668859317,-0.1402989663269077,0.9428542508502455,5.026354336634429,-65.505601804256
0.10678984226112637,-0.1276186015804722,1.1750946433876175,5.328222122556007,-69.77590510170583
0.1052975265226913,-0.13838664116429517,0.8795437616464787,5.033356599176968,-65.3383833717533
0.10424662858007687,-0.09987808340189869,1.0327837955737245,4.968985635848158,-46.143575545084595
0.10346354326600385,-0.12432429029911617,0.9999645950432128,4.668311027761839,-82.75143974411306
0.10303147274012928,-0.08751126028099537,0.9080630258299913,5.376997778118967,-52.10085337574934
0.09932441224184264,-0.11870101688174765,0.7714243952701385,4.862852838473938,-52.2813807626436
0.10277105523892355,-0.0743524537496981,0.9264570996282524,4.74841869498655,-62.12187394979942
0.10151048547864094,-0.11113923827621398,0.96633658410828,6.058487427187052,-77.18339493605221
0.10050111138028213,-0.12076285517504037,0.6648566579120776,4.8059170029711975,-52.446496650991925
0.09937990578496302,-0.11015951294842341,0.7484463836657285,4.024958535033379,-54.25297802148589
0.10260710653042934,-0.06994174420402,0.8218511761109792,4.736514033322545,-49.804316871120626
0.10001234542935812,-0.15632823512455016,0.6523591291063635,3.7595358691550804,-63.800549289598024
0.10276615596829532,-0.06648647304102072,0.6407955853810487,4.612413450068475,-53.2688148375269
0.10079244075465804,-0.05380317613863026,0.6881669025445687,4.792026032742724,-51.109963025042006
0.10071724420996633,-0.04303514051116254,0.8689953897478362,4.77574623663505,-52.12760074349534
0.10212575566772138,-0.06797231540159727,0.811835130390302,5.356141518107649,-60.405356709745384
0.1027555945291119,-0.06599731546490618,0.7640049418345183,5.0605517138308,-73.07064499847958
0.10324720860141631,-0.07616378290319022,0.8301669762751582,4.251930933016798,-59.889054073045166
0.10473901018200549,-0.047409414877910366,0.8669330758114335,4.449154132641024,-60.38326000809234
0.10546040777193058,-0.004060317850866299,1.0396008618045727,4.86438475668914,-53.61905491842651
0.10417618977302347,-0.033226169103940204,0.9775319173236103,5.346711193926155,-57.34982975516156
0.10512936366909462,-0.00791368391561974,0.8673521232761798,4.9938474054926365,-67.49794243974723
0.10303119336706057,-0.010638500325721013,0.9831995403849803,6.134064639515789,-59.276872774598985
0.10615366979680035,-0.009900385415203713,0.9642447753298837,4.644210614137994,-51.44530531812091
0.10578920644929649,-0.028717183996673615,0.8519186844192883,4.707474578124239,-57.097455477179906
0.10624512879458581,-0.016294140243536166,1.0612559876873293,5.035524979543941,-63.1336207083452
0.10636952169904862,0.023693278280570596,0.9428764210719667,4.56897795756796,-45.92490364491443
0.10593802474980654,0.04195684316958388,1.0361632005340562,5.437141209309283,-83.88859555643343
0.1089140454078783,0.043102739195790725,1.006776572161602,4.416326638117941,-51.63452047393106
0.1074263562701648,0.02689491877134036,0.9068871803457426,4.728820911717783,-51.417228175768884
0.10872704274567,0.08066193075576863,1.0603545696118717,5.095328503469877,-70.50183116233922
0.1102030913263808,0.04759615406520557,1.0301707022657904,5.362825968735092,-47.495934475983894
0.10984870721388805,-0.018424554747732094,0.9160527397742659,4.533508064235447,-42.336962696007134
0.10855998823195347,-0.003635403506631454,0.8931869313243754,4.228077097975388,-48.22899757023813
0.10971438572742807,-0.006496063507765284,0.848281623979878,4.384110586874044,-59.19414683468286
0.11021514449553597,0.03200195664959081,0.9059697447366251,4.609166937313007,-63.9888351316393
0.10842924185053242,0.007319169679663339,1.0122842708610325,4.934093339299439,-52.31168134508607
0.10878737571627682,-0.03151499988349799,0.8320085701973237,4.237624053017991,-38.66049132675128
0.10945516459555768,0.021222229570696555,0.8222930741404464,4.303131805067112,-69.0394459612868
0.11022510370295927,0.00810852773840229,0.8269563510962903,4.4273036142028905,-47.55145290663337
0.11007236278388924,-0.008159965096945205,0.9084708488889333,4.833184157630042,-64.1204309188512
0.11049097592889091,0.004961393862575535,0.879627827745582,5.258347979240551,-51.79106442881273
0.11108235613161074,0.006290908434886321,0.9099369898952698,5.077313982535362,-58.515526868033035
0.11181097024177122,-0.03306356507581963,0.7817483976428661,4.391340124661295,-55.05069407037876
0.11377855346468255,0.07034297103987062,1.0521120169936493,5.431603594712868,-66.8805365792227
0.11121312854576791,-0.05324851517167639,1.0033177994866707,5.574881384124081,-70.7782744753675
0.11279849657720675,0.044364932027952685,0.9862478404867367,5.106451038607128,-53.28120510877584
0.13760685088379956,0.011722622829817965,1.4336477013618838,4.774471589025722,-63.3842001282042
0.13716050862749496,-0.07527936763066913,1.4273041972048395,4.571286635447141,-66.43129281520864
0.13582555879463556,0.00823893659131048,1.5249259113539804,5.087407746613968,-83.7107265758091
0.14128292273948928,-0.06116753124521471,1.3176026286859113,4.423747668020952,-79.6398287378823
0.1392439846307889,-0.0380716587832225,1.6537288893365218,5.558588416241409,-70.71131952784737
0.14149214397499468,-0.004009889325353466,1.3522060346138831,4.608029687607428,-66.29965700249137
0.1454615141527455,-0.03333974958403109,1.437558648016564,4.9360135165790044,-64.7324440983079
0.14226609709559232,-0.05290506129724743,1.4853535454212468,4.463466791904236,-85.21319807316713
0.14848516833288014,-0.09140524793770083,1.620823143967498,4.518969857620559,-79.16322818392734
0.14734120640036724,-0.029539548805766282,1.7896846992249609,4.886616701396884,-77.47035781057022
0.1502073183189238,-0.026765497208528145,1.6040517585662144,4.646910735187945,-72.38906906936087
0.1523604708772505,-0.03302903260437823,1.810801100303367,4.660001350166559,-79.2166144596621
0.15797473112440522,-0.03160104916240904,1.7393804972418776,5.595831647935197,-76.8649472197814
0.1564260849997831,-0.060227252328397804,2.042511386601019,5.229306864012701,-96.6834531702296
0.15855086181175426,-0.05048922816280513,1.7217532719279678,4.698807634893404,-123.59628691781084
0.16185369038067607,-0.06075155482559622,1.6776130487569798,4.646171478891298,-85.25626489187874
0.16324842971583983,-0.03924635185659137,2.014299305970229,4.918883455098164,-92.32141825206828
0.16117788570347902,-0.05955770503342461,1.7970980504852125,5.8941088341841565,-78.89018448466256
0.16386026151185765,-0.052743524621167215,1.9384792969903692,4.827283886293321,-78.12133425897629
0.1641407356615524,-0.0785793540574569,1.7145933597208325,4.569249656261146,-76.01135706836841
0.16522868178726188,-0.07341827899227568,1.9823350628977892,4.623894542617477,-96.62164933479309
0.16665703036921176,-0.03786699583676949,2.070375814319492,5.274304948628117,-80.79002016620012
0.1676587770662298,-0.05119415690218758,2.1814660113274638,4.729844830531857,-123.61047427159573
0.16649171030297388,-0.018543744985473124,2.246139719607015,5.411680848015808,-117.93138819924964
0.16421813585161088,-0.07262179165157663,2.0482652785511766,5.230847345485646,-115.37916985972042
0.1702835500051128,-0.08756674035200741,1.7635030581200928,4.803752329426062,-89.24677817854209
0.1736250683382695,-0.028577622710544474,1.9481747463296504,4.935923183225637,-133.29739839435297
0.17298654888097514,-0.09795759404462812,1.8533408002142417,4.260446865768153,-103.50486505441076
0.173294136130417,-0.09408635731571766,1.9496935060750662,5.014595527606378,-88.77098319036868
0.1684884876155768,-0.09954439782971852,1.9229314140178682,4.575980299372815,-70.27645519168681
0.16292540036465886,-0.08994932453634248,1.8537144546279851,4.572644893506749,-65.46552216971519
0.16105745377960237,-0.11140456278968058,1.8664850134468036,4.669141243404156,-131.0367334103868
0.1632516828791992,-0.1450887730643338,1.885097468387091,4.771773168037931,-89.46494515442453
0.16558045303048682,-0.10217776471246115,2.0417465645668473,4.318142551937296,-58.03476995592091
0.17137651092286174,-0.08937579119274142,1.970093577798476,4.358823714973589,-107.12993540382786
0.1615881583228061,-0.170432555514674,1.6564867894928632,4.369132041158719,-128.62738970969642
0.1604859989512325,-0.10380077535567414,1.98490345954953,4.866468134938834,-85.55243007239422
0.16264127827950267,-0.15032105440173127,1.7367231163377719,4.832721485681153,-95.72908116580585
0.159670972878849,-0.2237975242094572,1.9295291429236938,4.803628274889792,-71.21989599387624
0.16523961989311728,-0.16734369217472309,1.6974521777379588,4.550966653677972,-83.64288329941525
0.16352310019344363,-0.16867857904747938,1.7968259315566666,4.45197038913031,-158.52281984103593
0.16181308058026397,-0.1542441164798454,1.8618057097530096,4.523738114218194,-75.34403169979552
0.16014388473606908,-0.11946631307741272,1.801971286881133,4.983018872779144,-81.2039604693034
0.15362154742738524,-0.24605362539927772,1.9892983929219898,5.135998258141159,-108.70225240344297
0.1511838291462169,-0.25039541131832105,1.9092646305557732,5.099751768122834,-67.80494089248691
0.14981626670535897,-0.20059451792804686,2.009538558597475,5.439996723472266,-94.92720568423216
0.149335195075646,-0.22662625458909272,1.8511137549948025,5.544573732806758,-92.34253608542362
0.1498185816975818,-0.22174909196572837,1.8242395078714075,4.9860303811169855,-64.77820700853935
0.149862981364958,-0.18162013899002855,2.1432764874586763,5.164717750510348,-66.11792025752563
0.16718367533592543,-0.25215933366413645,2.348347019121247,4.833007758541435,-86.55228066634022
0.16999917035068693,-0.27616647513748027,2.2074305166869346,4.900023913538082,-82.73527265944412
0.16036722810961876,-0.3113495649746337,2.1594451111692807,5.025964528420109,-55.79506713245774
0.1594284300757122,-0.28309742889558637,2.31168912677225,5.193552991814475,-83.32297881770494
0.15939881317194618,-0.2260133335763384,1.9352285416630206,4.918480786643537,-105.29926113674789
0.15437217640383338,-0.216671428880549,2.015869681520221,4.806565647289628,-62.27921701896043
0.150218535631478,-0.23699499477161254,1.9585373456563548,4.759732192797206,-84.64180289247172
0.1537879396152174,-0.21849838851970665,2.3241493520322347,5.982263643702303,-85.59098329582184
0.15559491551581947,-0.21988160024543268,2.142691671133557,4.659535291346256,-64.88401754691284
0.15190021604581616,-0.27396811219005013,2.4128183971386186,5.674777972270977,-65.4144799844043
0.1502383227185436,-0.26399480994805874,2.702179313478476,4.938819780290428,-88.05176423064823
0.15197789499268058,-0.25273471991975993,2.3422880659646372,5.237603797830838,-80.28547486200212
0.15546296424535694,-0.2826208034768301,2.4545569348322225,6.001429372770145,-57.711423222188365
0.15592530873561505,-0.23516729723456697,2.2410451216376224,4.694555399221109,-87.19045250253642
0.15534268396963735,-0.12827631323389646,2.616981432720097,5.497523141591395,-65.5813767536883
0.154439128886594,-0.17136127319220582,2.7838582681511266,5.341910472739099,-211.67938425896432
0.1553537588243663,-0.28743600575290307,2.6156156422773975,5.136663612382699,-85.54418790425676
0.1636656377093154,-0.2556644811600268,2.825891780866794,5.162965249313936,-92.58548353138634
0.1562463933958757,-0.27707448459797684,2.985440867949541,5.440125570427641,-89.91082148770819
0.145387459832554,-0.2866258358550806,2.500237689380217,4.9178931994787005,-63.77517086554801
0.13575110964383036,-0.25507708835323384,1.8570143757369406,5.178594870012173,-92.49393590743382
0.1319658662069476,-0.18388054081012375,1.7279566054049837,5.289246530655155,-53.32795856192359
0.12557964588633583,-0.18908265805208568,1.1696134930952482,4.976921184868586,-72.25980972556073
0.12250529265511603,-0.13342594497033075,0.7574095647559664,4.79979262328993,-55.584296554418245
0.12193231444797815,-0.12123371527047502,0.8531864863979504,4.281063657023495,-114.92354916906405
0.11888064914120539,-0.06286029495728215,0.743859649451776,4.803136625892505,-47.16992530101495
0.12123167830323371,0.0034632619597941487,0.7442934840998023,4.388291966636987,-58.38643522834697
0.12019822474738083,0.015136456105805033,0.6212989918180396,5.1997440171313265,-61.221608167981294
0.12071113848803731,-0.03814514716462861,0.6543193658314945,5.036817708916347,-79.13710798152964
0.12601823908478982,-0.009077334176971192,0.6509106261092437,4.491413339137154,-70.5228313601622
0.12889697940148995,-0.02918208472587382,0.7075646173918302,4.79452662792854,-64.77584811283866
0.14386658265043908,-0.050885890935528526,0.8908605263119278,4.295646623521948,-95.03556470925372
0.1530643899497957,-0.11227431323006505,0.942608020761778,3.828454157052498,-61.721213376357404
0.16624198964489614,-0.15381273495339015,1.3476041295624963,4.655863429289526,-79.20705257601601
0.17545500989725793,-0.19582292034335883,1.1828831749945348,4.16061074817681,-98.61188843535338
0.18285186194832348,-0.14748859617496604,1.38523420916147,4.407939801169687,-94.53716380646432
0.18304781036359397,-0.1855985310952925,1.233263615385514,3.8405266831851614,-100.17152512415574
0.18434091303017047,-0.19072152280495758,1.302945949436448,3.8515595280999646,-69.3339314036086
0.1736957100996776,-0.1246667359547567,1.0199823583832073,4.162451678196869,-82.7199363510696
0.16510211595072383,-0.20195220721188223,1.0668713705603752,3.591716536067812,-106.55105989383073
0.17317741069831213,-0.22194129402713655,1.1457925607601611,4.059420897709794,-117.62257059335495
0.17769195249213945,-0.28175689659558345,1.3521810573045343,4.36710829678304,-140.46360919557725
0.1765543943106221,-0.2644840457399759,1.3395346736907463,4.395246026189184,-93.66717600915837
0.19303768417012682,-0.3602772031223151,1.8295846877562276,4.019940476058034,-83.4246717973411
0.17691763882590783,-0.33929057537160145,1.3675513247791047,3.3687991991939343,-78.90575237166733
0.17101502598113455,-0.33445280596430005,1.6961330874275244,3.9002420762347505,-189.02195110872873
0.17515580745372283,-0.3292228379985793,1.7443230739526134,4.361830824261155,-81.46966765806464
0.16993852734495457,-0.4507385887461719,2.2545468315509716,5.313686155270839,-78.15195562896436
0.17552127358377032,-0.4856802983049026,2.0625354548425143,4.854112453744072,-107.18856402062309
0.16959605990457519,-0.49712477888735973,2.1140708250677793,4.392790731218527,-77.12677769786606
0.18459811645737173,-0.5200199529360089,2.4102977735528883,4.349990213391114,-101.28786135423906
0.17965330544203745,-0.4342887512023125,2.007656983635994,4.998516435812125,-100.5218210877254
0.17156891922189388,-0.29358677880834294,1.3130903683003066,4.680334897729713,-95.09936845470357
0.1692448004821252,-0.1767233383937562,1.0760287271229307,4.921864645927349,-93.49986549793435
0.1579695922949849,-0.0888312670095494,0.710843916563765,4.222331591224696,-68.09550095140582
0.1509290111484535,0.0068657161420286215,0.8782726495265445,4.333162955375934,-104.00491750741345
0.1583352741280449,0.0767401754125673,0.5089610142522525,4.503102697276417,-77.2201656024185
0.1705056983331129,0.06811109257081162,0.359527576770696,4.211002957785379,-81.91312929538242
0.1677026281379484,-0.0004317972799639724,0.39747013404693154,4.281387882659712,-95.51559664789984
0.17962051482417907,0.0025739616197918667,0.529897933948607,4.53734363693234,-77.6753762452583
0.19204555988179603,-0.005629317745100377,0.7567380512257165,4.34792660925846,-97.41648254765896
0.19999621285476882,-0.03924524734052475,0.8605588476666872,4.270080857081773,-101.78733695988234
0.22445728524686076,-0.10668386263308932,1.4309353250574572,4.4150939405245255,-141.7173351991771
0.26592951772685464,-0.11124607135942584,2.1878492358252286,4.395901628343192,-152.6326025179638
0.2011581127574153,-0.16297331767146359,1.8157544812861781,4.817106239053635,-96.67069056860957
0.19690958785954438,-0.13598421496320567,1.427976739542423,4.25068179309294,-80.92770282281049
0.19559759904444923,-0.12752249776784932,1.190303325277382,4.207618109938939,-114.16223968851553
0.16647280153930175,-0.04483822231575229,0.706571904663289,3.8865207650587474,-99.34620244550669
0.16240046470838684,-0.024818834312756863,0.836139990381596,4.162549665198645,-67.18842707825466
0.17006932323917578,-0.04550924268643911,0.807604503047687,4.163008275186168,-89.63456019193785
0.16308295465086547,0.11722860948244496,0.23827926027410884,3.9243831543899708,-66.85226003302093
0.19798816462121702,-0.004003845266560605,0.6915147205492227,4.131560093831692,-133.5440375273367
0.18847632684570761,-0.054033685121413016,0.6428018761016459,4.0270309417762595,-93.48951690079664
0.21543727935965637,-0.08007171151505472,1.4582761855219077,4.4328446907542824,-135.79623530472324
0.18385103886621773,-0.1466615098300895,0.8851982252492632,3.86182207279581,-100.23077452963156
0.16387582177044147,0.12060229785012343,0.2641609762527941,4.228811746071728,-97.07227482670915
0.1583213382414958,0.053989718828000764,0.3265831721417136,4.086625385979856,-75.32980989210402
0.16120348893169156,-0.2505389683442628,0.5959271212416639,3.6785804322838076,-84.35401536412293
0.18293621668494187,-0.4232186687863916,0.9114588128190135,3.657012329888573,-123.99171689527432
0.21442471646991426,-0.2926534423563797,1.3736190335617229,4.201940964797398,-125.2579421347969
0.23728752594838,-0.17982877981065828,1.25172247812095,4.83379813336467,-120.02984986348268
0.198759839575617,-0.19092279519509925,0.392675400170853,3.4866198397003245,-123.97519383896683
0.2361434556379342,-0.19318136093748856,0.6121224124639126,3.493639058390537,-108.3479248020632
0.20298839432938495,-0.2201182430678862,0.5607902605071593,3.571632764499619,-105.96727883219403
0.2210419021583139,-0.11279878448340386,0.46522854926129353,4.030909937437341,-148.20553793426973
0.20722116595824314,-0.1609822700867849,0.16843517523921525,3.2863438290721105,-79.88948983142238
0.2615312065920325,-0.10260399751050728,0.8195380638103344,3.800693664640027,-104.05360099086595
0.201622636741226,-0.2648174740761669,0.5005901281958547,3.6305447237032746,-191.90554447461582
0.22289943638384188,-0.04141899053466066,0.5705973108291067,4.9932831507181055,-128.42097665460045
0.25924244834032173,-0.08594716335991663,0.16797197786515383,4.115838308236045,-95.0071639319612
0.2316656449388253,0.019680433886539787,0.29277459931282834,4.584192879701419,-117.5169645145801
0.23457642022127487,0.08978186076063312,0.44597812492539335,4.143638985892601,-121.97854731831177
0.24749721490699397,0.11965660056521202,0.16204425519629595,4.004085461617837,-270.8240522170996
0.2971881006007338,-0.16699190518300053,0.4665333674890757,3.607143078182024,-473.172067192959
0.29165111235496877,-0.02716475877126657,0.1733946609645347,3.9842124743406737,-149.0310332351047
0.3437355161721363,-0.06269316117243955,-0.2648084641841937,3.281592814619478,-416.9452363897981
0.3148111378891517,0.00787665005363459,-0.2591417327768193,3.4496873499513603,-162.82786402590733
0.3257155681690027,-0.12226180849300658,1.5956950841881783,5.096471161423523,-522.4510366620591
0.35309010723627615,-0.27960248142457983,2.236743292055216,5.587808776187927,-116.35962726802909
0.429678447916015,-0.0893808441828742,6.021985525143199,8.459814583743091,-202.17839433245229
0.41556983063121816,-0.06558370363612265,2.710277217724908,5.106241703775385,-180.3953057785741
0.371681086587619,-0.07200164240632449,8.786213650682434,8.663341009795845,-162.23765752284658
0.4476727901067398,-0.4686206263828453,3.1609516469465815,4.630614247307121,-183.2971219213904
0.6721374879698163,-0.7660105480144396,14.108338373719508,7.435978634514797,198.32549207039307
0.530956128967989,-0.41641533061458263,9.795211221344424,7.716268400485882,-100.60024906110978
0.4459182473835416,-0.15930006372947192,1.62382623394687,6.28590558122887,-139.2708234550033
0.38697483181595205,-0.12402504345475235,0.4685187296603295,5.987469492853172,-1060.517135767525
0.7250014697250727,-0.5105190489650839,12.576183351449107,6.893779128330992,-263.4264188764212
0.46201166565273954,-0.3253440432033037,3.7593115430768487,5.818034910876847,-102.97765565896243
0.4838353953514789,-0.377067766481334,4.890984572776916,7.235931958753705,-284.0949825625244
0.002103011233921493,0.5796557929945982,3.6368644598177635,2.37754317207164,1.1325778392424573
0.001532732063383878,0.3170090569464289,-1.6099097964069404,1.3048595040052302,-1.319088652271371
